[
  {
    "coin":"CHAIN",
    "asset":"CHAIN",
    "fname": "Chainmakers",
    "rpcport":15587
  },
  {
    "coin":"GLXT",
    "asset":"GLXT",
    "fname": "GLX Token",
    "rpcport":13109
  },
  {
    "coin": "CC",
    "asset": "CCL",
    "fname": "CoinCollect",
    "rpcport": 20849
  },
  {
    "coin": "COLX",
    "name": "ColossusXT",
    "fname": "ColossusXT",
    "rpcport": 51473,
    "pubtype": 30,
    "p2shtype": 13,
    "wiftype": 212,
    "txfee": 1000000000
  },
  {
    "coin":"SPK",
    "name":"Sparks",
    "fname": "Sparks",
    "rpcport":8892,
    "pubtype":38,
    "p2shtype":10,
    "wiftype":198,
    "txfee":10000
  },
  {
    "coin":"ORE",
    "name":"galactrum",
    "fname": "Galactrum",
    "rpcport":6269,
    "pubtype":38,
    "p2shtype":16,
    "wiftype":204,
    "txfee":10000
  },
  {
    "coin":"EQL",
    "asset":"EQL",
    "fname": "Equaliser",
    "rpcport":10306
  },
  {
    "coin":"PAC",
    "name":"paccoin",
    "fname":"PACcoin",
    "rpcport":7111,
    "pubtype":55,
    "p2shtype":10,
    "wiftype":204,
    "txfee":10000,
    "confpath":"USERHOME/.paccoincore/paccoin.conf"
  },
  {
    "coin":"PEW",
    "name":"brofist",
    "fname": "Brofist",
    "rpcport":12454,
    "pubtype":55,
    "p2shtype":10,
    "wiftype":198,
    "txfee":10000,
    "confpath":"USERHOME/.brofistcore/brofist.conf"
  },
  {
    "coin": "SUN",
    "name": "suncoin",
    "fname": "SunCoin",
    "rpcport": 10332,
    "pubtype": 63,
    "p2shtype": 16,
    "wiftype": 204,
    "txfee": 10000,
    "confpath": "USERHOME/.suncoincore/suncoin.conf"
  },
  {
    "coin":"WAVI",
    "name":"wavi",
    "fname": "Wavi",
    "rpcport":9984,
    "pubtype":73,
    "p2shtype":15,
    "wiftype":133,
    "txfee":10000,
    "confpath":"USERHOME/.wavicore/wavi.conf"
  },
  {
    "coin":"ATB",
    "name":"atbcoin",
    "fname": "ATBCoin",
    "rpcport":8332,
    "pubtype":23,
    "p2shtype":83,
    "wiftype":128,
    "txfee":10000,
    "confpath":"USERHOME/.ATBCoinWallet/atbcoin.conf"
  },
  {
    "coin":"BTNX",
    "name":"bitnexus",
    "fname":"BitNexus",
    "rpcport":9191,
    "pubtype":25,
    "p2shtype":10,
    "wiftype":198,
    "txfee":10000,
    "confpath":"USERHOME/.bitcoinnodecore/bitnexus.conf"
  },
  {
    "coin": "CHC",
    "name": "chaincoin",
    "fname": "ChainCoin",
    "rpcport": 11995,
    "pubtype": 28,
    "p2shtype": 4,
    "wiftype": 156,
    "txfee": 10000,
    "confpath": "USERHOME/.chaincoincore/chaincoin.conf"
  },
  {
    "coin":"DOPE",
    "name":"dopecoin",
    "fname":"DopeCoin",
    "isPoS": 1,
    "rpcport":40421,
    "pubtype":30,
    "p2shtype":5,
    "wiftype":158,
    "txfee":10000
  },
  {
    "coin":"POLIS",
    "name":"polis",
    "fname":"Polis",
    "rpcport":24127,
    "pubtype":55,
    "p2shtype":56,
    "wiftype":60,
    "txfee":10000,
    "confpath":"USERHOME/.poliscore/polis.conf"
  },
  {
    "coin":"PYRO",
    "name":"pyro",
    "fname": "Pyro",
    "rpcport":9696,
    "pubtype":55,
    "p2shtype":10,
    "wiftype":198,
    "txfee":10000,
    "confpath":"USERHOME/.pyrocore/pyro.conf"
  },
  {
    "coin":"XSN",
    "name":"xsn",
    "fname": "Stakenet",
    "rpcport":51473,
    "pubtype":76,
    "p2shtype":16,
    "wiftype":204,
    "txfee":10000,
    "confpath":"USERHOME/.xsncore/xsn.conf"
  },
  {
    "coin":"GRLC",
    "name":"garlicoin",
    "fname": "Garlicoin",
    "rpcport":42068,
    "pubtype":38,
    "p2shtype":5,
    "wiftype":176,
    "txfee":100000
  },
  {
    "coin":"HXX",
    "name":"hexxcoin",
    "fname": "Hexx",
    "rpcport":29200,
    "pubtype":40,
    "p2shtype":10,
    "wiftype":210,
    "txfee":100000
  },
  {
    "coin":"CRDS",
    "name":"credits",
    "fname": "Credits",
    "rpcport":31050,
    "pubtype":28,
    "p2shtype":10,
    "wiftype":140,
    "txfee":10000
  },
  {
    "coin":"DIN",
    "name":"dinero",
    "fname": "Dinero",
    "rpcport":9998,
    "pubtype":30,
    "p2shtype":13,
    "wiftype":204,
    "txfee":10000,
    "confpath":"USERHOME/.dinerocore/dinero.conf"
  },
  {
    "coin": "AXE",
    "name": "axe",
    "fname": "Axe",
    "rpcport": 9337,
    "pubtype": 55,
    "p2shtype": 16,
    "wiftype": 204,
    "txfee": 10000,
    "confpath":"USERHOME/.axecore/axe.conf"
  },
  {
    "coin": "BCBC",
    "name": "bitcoin@cbc",
    "fname": "Bitcoin@CBC",
    "rpcport": 8340,
    "pubtype": 0,
    "p2shtype": 5,
    "wiftype": 128,
    "txfee": 10000,
    "confpath":"USERHOME/.bitcoin@cbc/bitcoin.conf"
  },
  {
    "coin": "BUCK",
    "name": "buck",
    "fname": "Buck",
    "rpcport": 5739,
    "taddr": 28,
    "pubtype": 184,
    "p2shtype": 189,
    "wiftype": 128,
    "txfee": 10000
  },
  {
    "coin": "CMM",
    "name": "commercium",
    "fname": "Commercium",
    "rpcport": 9657,
    "pubtype": 28,
    "p2shtype": 50,
    "wiftype": 140,
    "txfee": 10000
  },
  {
    "coin": "RAP",
    "fname": "Rapture",
    "name": "rapture",
    "rpcport": 14476,
    "pubtype": 60,
    "p2shtype": 16,
    "wiftype": 204,
    "txfee": 10000,
    "confpath": "USERHOME/.rapturecore/rapture.conf"
  },
  {
    "coin": "RADIUS",
    "name": "radius",
    "fname": "Radius",
    "rpcport": 4089,
    "pubtype": 60,
    "p2shtype": 16,
    "wiftype": 15,
    "txfee": 10000,
    "confpath": "USERHOME/.radiuscore/radius.conf"
  },
  {
    "coin": "SEQ",
    "name": "sequence",
    "fname": "Sequence",
    "rpcport": 16663,
    "isPoS": 1,
    "pubtype": 63,
    "p2shtype": 64,
    "wiftype": 170,
    "txfee": 10000
  },
  {
    "coin": "DYN",
    "name": "dynamic",
    "fname": "Dynamic",
    "rpcport": 33350,
    "pubtype": 30,
    "p2shtype": 10,
    "wiftype": 140,
    "txfee": 10000
  },
  {
    "coin": "SBTC",
    "name": "superbitcoin",
    "fname": "Super Bitcoin",
    "rpcport": 28282,
    "pubtype": 0,
    "p2shtype": 5,
    "wiftype": 128,
    "txfee": 10000,
    "confpath": "USERHOME/.sbtc/sbtc.conf"
  },
  {
    "coin": "FJC",
    "name": "fujicoin",
    "fname": "FujiCoin",
    "rpcport": 3776,
    "pubtype": 36,
    "p2shtype": 16,
    "wiftype": 164,
    "txfee": 100000
  },
  {
    "coin": "VRT",
    "name": "virtus",
    "fname": "Virtus",
    "confpath": "USERHOME/.virtuscore/virtus.conf",
    "rpcport": 13880,
    "pubtype": 70,
    "p2shtype": 16,
    "wiftype": 204,
    "txfee": 10000
  },
  {
    "coin":"AE",
    "name":"aeternity",
    "fname": "Aeternity",
    "etomic":"0x5ca9a71b1d01849c0a95490cc00559717fcf0d1d",
    "rpcport":80
  },
  {
    "coin":"AION",
    "name":"aion",
    "fname": "Aion",
    "etomic":"0x4CEdA7906a5Ed2179785Cd3A40A69ee8bc99C466",
    "rpcport":80
  },
  {
    "coin":"ANN",
    "name":"agentnotneeded",
    "fname": "Agent Not Needed",
    "etomic":"0xe0e73E8fc3a0fA161695be1D75E1Bc3E558957c4",
    "rpcport":80
  },
  {
    "coin":"BITSOKO",
    "name":"bitsoko",
    "fname":"Bitsoko",
    "etomic":"0xb72627650f1149ea5e54834b2f468e5d430e67bf",
    "rpcport":80
  },
  {
    "coin": "BLZ",
    "name": "bluzelle",
    "fname": "Bluzelle",
    "etomic": "0x5732046a883704404f284ce41ffadd5b007fd668",
    "rpcport": 80
  },
  {
    "coin":"BOX",
    "name":"beonbox",
    "fname":"Beonbox",
    "etomic":"0x01e579be97433f861340268521a7a2ab9829082c",
    "rpcport":80
  },
  {
    "coin":"BTCL",
    "name":"btclite",
    "fname": "BTC Lite",
    "etomic":"0x5acd19b9c91e596b1f062f18e3d02da7ed8d1e50",
    "rpcport":80
  },
  {
    "coin":"BTM",
    "name":"bytom",
    "fname": "Bytom",
    "etomic":"0xcB97e65F07DA24D46BcDD078EBebd7C6E6E3d750",
    "rpcport":80
  },
  {
    "coin":"CENNZ",
    "name":"centrality",
    "fname": "Centrality",
    "etomic":"0x1122b6a0e00dce0563082b6e2953f3a943855c1f",
    "rpcport":80
  },
  {
    "coin": "CMT",
    "name": "cybermiles",
    "fname": "CyberMiles",
    "etomic": "0xf85feea2fdd81d51177f6b8f35f0e6734ce45f5f",
    "rpcport": 80
  },
  {
    "coin":"CS",
    "name":"credits",
    "fname":"Credits",
    "etomic":"0x46b9ad944d1059450da1163511069c718f699d31",
    "rpcport":80
  },
  {
    "coin": "CYFR",
    "name": "cyphrcoin",
    "fname": "CyphrCoin",
    "etomic": "0xc68d6276eb43f2433f30500d74f155031606e249",
    "rpcport": 80
  },
  {
    "coin":"DATA",
    "name":"streamr-datacoin",
    "fname":"Streamr DATAcoin",
    "etomic":"0x0cf0ee63788a0849fe5297f3407f701e122cc023",
    "rpcport":80
  },
  {
    "coin":"ELD",
    "name":"electrumdark",
    "fname": "Electrum Dark",
    "etomic":"0xaaf7d4cd097317d68174215395eb02c2cca81e31",
    "rpcport":80
  },
  {
    "coin":"ENG",
    "name":"enigma-project",
    "fname":"Enigma",
    "etomic":"0xf0ee6b27b759c9893ce4f094b49ad28fd15a23e4",
    "rpcport":80
  },
  {
    "coin": "ETK",
    "name": "energitoken",
    "fname": "EnergiToken",
    "etomic": "0x3c4a3ffd813a107febd57b2f01bc344264d90fde",
    "rpcport": 80
  },
  {
    "coin": "FOOD",
    "name": "foodcoin",
    "fname": "FoodCoin",
    "etomic": "0x2a093bcf0c98ef744bb6f69d74f2f85605324290",
    "rpcport": 80
  },
  {
    "coin": "GMBEL",
    "name": "gmbel",
    "fname": "G-Mbel",
    "etomic": "0xf3cfbca4e083b1418f89545754c7da90d2418b10",
    "rpcport": 80
  },
  {
    "coin":"GPN",
    "name":"gpncoin",
    "fname": "GPN Coin",
    "etomic":"0xE2b407160AAd5540eAc0e80338b9a5085C60F25B",
    "rpcport":80
  },
  {
    "coin": "GTC",
    "name": "game",
    "fname": "Game.com",
    "etomic": "0xB70835D7822eBB9426B56543E391846C107bd32C",
    "rpcport": 80
  },
  {
    "coin": "GTO",
    "name": "gifto",
    "fname": "Gifto",
    "etomic":"0xc5bbae50781be1669306b9e001eff57a2957b09d",
    "rpcport":80
  },
  {
    "coin": "HT",
    "name": "huobi-token",
    "fname": "Huobi Token",
    "etomic": "0x6f259637dcd74c767781e37bc6133cd6a68aa161",
    "rpcport": 80
  },
  {
    "coin":"JOI",
    "name":"jointedu",
    "fname":"JointEDU",
    "etomic":"0x58ded6994124b4fff298f1416aca3fc9cdba37b2",
    "rpcport":80
  },
  {
    "coin": "KICK",
    "name": "kickico",
    "fname": "KickCoin",
    "etomic": "0x27695e09149adc738a978e9a678f99e4c39e9eb9",
    "rpcport": 80
  },
  {
    "coin":"LIKE",
    "name":"likecoin",
    "fname":"LikeCoin",
    "etomic":"0x02f61fd266da6e8b102d4121f5ce7b992640cf98",
    "rpcport":80
  },
  {
    "coin":"LINK",
    "name":"chainlink",
    "fname":"ChainLink",
    "etomic":"0x514910771af9ca656af840dff83e8264ecf986ca",
    "rpcport":80
  },
  {
    "coin": "LTR",
    "name": "labtorum",
    "fname": "Labtorum",
    "etomic": "0x1bd4e709a076fb71ea1014293a739f2b19ca565d",
    "rpcport": 80
},
  {
    "coin":"LYS",
    "name":"lightyears",
    "fname": "Lightyears",
    "etomic":"0xdd41fbd1ae95c5d9b198174a28e04be6b3d1aa27",
    "rpcport":80
  },
  {
    "coin":"MAN",
    "name":"matrix-ai-network",
    "fname":"Matrix AI Network",
    "etomic":"0xe25bcec5d3801ce3a794079bf94adf1b8ccd802d",
    "rpcport":80
  },
  {
    "coin":"MMX",
    "name":"mechanix",
    "fname":"Mechanix Token",
    "etomic":"0xe7c33a0e04f2316bb321c4ad2976873d09538b56",
    "rpcport":80
  },
  {
    "coin": "MRPH",
    "name": "morpheusnetwork",
    "fname": "Morpheus Network",
    "etomic": "0x7b0c06043468469967dba22d1af33d77d44056c8",
    "rpcport": 80
  },
  {
    "coin": "MTF",
    "name": "mintflint",
    "fname": "MintFlint Token",
    "etomic": "0xf3b98d8c425c76e0c7abadffddc1a26ce3107e45",
    "rpcport": 80
  },
  {
    "coin":"MYB",
    "name":"mybit-token",
    "fname": "MyBit Token",
    "etomic":"0x5d60d8d7ef6d37e16ebabc324de3be57f135e0bc",
    "rpcport":80
  },
  {
    "coin": "NOAH",
    "name": "noah-coin",
    "fname": "Noah Coin",
    "etomic": "0x58a4884182d9e835597f405e5f258290e46ae7c2",
    "rpcport": 80
  },
  {
    "coin": "NPXS",
    "name": "pundi-x",
    "fname": "Pundi X",
    "etomic": "0xa15c7ebe1f07caf6bff097d8a589fb8ac49ae5b3",
    "rpcport": 80
  },
  {
    "coin":"NULS",
    "name":"nuls",
    "fname":"Nuls",
    "etomic":"0xb91318f35bdb262e9423bc7c7c2a3a93dd93c92c",
    "rpcport":80
  },
  {
    "coin":"OCC",
    "name":"originalcryptocoin",
    "fname": "Original Crypto Coin",
    "etomic":"0x0235fe624e044a05eed7a43e16e3083bc8a4287a",
    "rpcport":80
  },
  {
    "coin": "PAO",
    "name": "pacificocean",
    "fname": "Pacific Ocean",
    "etomic": "0x4b6509423371d35e022a2915be0edeffa9147f5a",
    "rpcport": 80
  },
  {
    "coin":"PCL",
    "name":"peculium",
    "fname": "Peculium",
    "etomic":"0x3618516f45cd3c913f81f9987af41077932bc40d",
    "rpcport":80
  },
  {
    "coin": "PCNC",
    "name": "pcncoin",
    "fname": "PCN Coin",
    "etomic": "0x090b60abc45e2af60eb058a4c7f25574a1c6ae4a",
    "rpcport": 80
  },
  {
    "coin":"POLY",
    "name":"polymath-network",
    "fname":"Polymath",
    "etomic":"0x9992ec3cf6a55b00978cddf2b27bc6882d88d1ec",
    "rpcport":80
  },
  {
    "coin":"PURC",
    "name":"peurcoin",
    "fname":"Peurcoin",
    "etomic":"0x7148b80b38278853ca8263cfc0b57d4478ae6a6e",
    "rpcport":80
  },
  {
    "coin":"QBIT",
    "name":"qubitica",
    "fname":"Qubitica",
    "etomic":"0xcb5ea3c190d8f82deadf7ce5af855ddbf33e3962",
    "rpcport":80
  },
  {
    "coin":"RVT",
    "name":"rivetz",
    "fname": "Rivetz",
    "etomic":"0x3d1ba9be9f66b8ee101911bc36d3fb562eac2244",
    "rpcport":80
  },
  {
    "coin":"SPANK",
    "name":"spankchain",
    "fname": "SpankChain",
    "etomic":"0x42d6622dece394b54999fbd73d108123806f6a18",
    "rpcport":80
  },
  {
    "coin":"STRM41",
    "name":"stream41",
    "fname":"Stream41",
    "etomic":"0xbad7a7f7ba71ce3659fe6dcad34af86b9de2a4b2",
    "rpcport":80
  },
  {
    "coin":"SUB",
    "name":"substratum",
    "fname":"Substratum",
    "etomic":"0x12480e24eb5bec1a9d4369cab6a80cad3c0a377a",
    "rpcport":80
  },
  {
    "coin": "SVD",
    "name": "savedroid",
    "fname": "Savedroid",
    "etomic": "0xbdeb4b83251fb146687fa19d1c660f99411eefe3",
    "decimals": 18,
    "rpcport": 80
  },
  {
    "coin":"THETA",
    "name":"theta-token",
    "fname":"Theta Token",
    "etomic":"0x3883f5e181fccaF8410FA61e12b59BAd963fb645",
    "rpcport":80
  },
  {
    "coin":"CIX",
    "name":"cryptonetix",
    "fname": "Cryptonetix",
    "etomic":"0x1175a66a5c3343Bbf06AA818BB482DdEc30858E0",
    "rpcport":80
  },
  {
    "coin":"DCN",
    "name":"dentacoin",
    "fname": "Dentacoin",
    "etomic":"0x08d32b0da63e2C3bcF8019c9c5d849d7a9d791e6",
    "rpcport":80
  },
  {
    "coin": "ELY",
    "name": "elysian",
    "fname": "Elysian",
    "etomic": "0xa95592dcffa3c080b4b40e459c5f5692f67db7f8",
    "rpcport": 80
  },
  {
    "coin":"DROP",
    "name":"dropil",
    "fname": "Dropil",
    "etomic":"0x4672bad527107471cb5067a887f4656d585a8a31",
    "rpcport":80
  },
  {
    "coin":"DRT",
    "name":"domraider",
    "fname": "DomRaider",
    "etomic":"0x9af4f26941677c706cfecf6d3379ff01bb85d5ab",
    "rpcport":80
  },
  {
    "coin":"ELF",
    "name":"aelf",
    "fname": "aelf",
    "etomic":"0xbf2179859fc6D5BEE9Bf9158632Dc51678a4100e",
    "rpcport":80
  },
  {
    "coin":"RLTY",
    "name":"smartrealty",
    "fname": "SMARTRealty",
    "etomic":"0xbe99b09709fc753b09bcf557a992f6605d5997b0",
    "rpcport":80
  },
  {
    "coin": "FTC",
    "name": "feathercoin",
    "fname": "Feather Coin",
    "rpcport": 9337,
    "pubtype": 14,
    "p2shtype": 5,
    "wiftype": 142,
    "txfee": 1000000
  },
  {
    "coin": "PXT",
    "name": "populous-xbrl-token",
    "fname": "Populous XBRL Token",
    "etomic": "0xc14830e53aa344e8c14603a91229a0b925b0b262",
    "rpcport": 80
  },
  {
    "coin": "STORM",
    "name": "storm",
    "fname": "Storm",
    "etomic": "0xd0a4b8946cb52f0661273bfbc6fd0e0c75fc6433",
    "rpcport": 80
  },
  {
    "coin": "TUSD",
    "name": "trueusd",
    "fname": "TrueUSD",
    "etomic": "0x8dd5fbce2f6a956c3022ba3663759011dd51e73e",
    "rpcport": 80
  },
  {
    "coin": "WAX",
    "name": "wax",
    "fname": "WAX",
    "etomic": "0x39Bb259F66E1C59d5ABEF88375979b4D20D98022",
    "rpcport": 80
  },
  {
    "coin": "KIN",
    "name": "kin",
    "fname": "Kin",
    "etomic": "0x818fc6c2ec5986bc6e2cbf00939d90556ab12ce5",
    "rpcport": 80
  },
  {
    "coin": "LALA",
    "name": "lala-world",
    "fname": "LALA World",
    "etomic": "0xfd107b473ab90e8fbd89872144a3dc92c40fa8c9",
    "rpcport": 80
  },
  {
    "coin": "ONNI",
    "name": "misericordae",
    "fname": "Misericordae",
    "etomic": "0xbd9c6028e1132a6b52f1ca15c0933a2fd342e21f",
    "rpcport": 80
  },
  {
    "coin": "PAT",
    "name": "pat",
    "fname": "Pangea Arbitration Token",
    "etomic": "0xBB1fA4FdEB3459733bF67EbC6f893003fA976a82",
    "rpcport": 80
  },
  {
    "coin": "USDT",
    "name": "tether",
    "fname": "Tether",
    "etomic": "0xdac17f958d2ee523a2206206994597c13d831ec7",
    "rpcport": 80
  },
  {
    "coin": "BBT",
    "name": "bitboost",
    "fname": "Bitboost",
    "etomic": "0x1500205f50bf3fd976466d0662905c9ff254fc9c",
    "rpcport": 80
  },
  {
    "coin": "OCT",
    "name": "octus",
    "fname": "Octus",
    "etomic": "0x7e9d365C0C97Fe5FcAdcc1B513Af974b768C5867",
    "rpcport": 80
  },
  {
    "coin": "OMG",
    "name": "omisego",
    "fname": "OmiseGo",
    "etomic": "0xd26114cd6EE289AccF82350c8d8487fedB8A0C07",
    "rpcport": 80
  },
  {
    "coin": "R",
    "name": "revain",
    "fname": "Revain",
    "etomic": "0x48f775efbe4f5ece6e0df2f7b5932df56823b990",
    "rpcport": 80
  },
  {
    "coin": "UCASH",
    "name": "ucash",
    "fname": "U.CASH",
    "etomic": "0x92e52a1a235d9a103d970901066ce910aacefd37",
    "rpcport": 80
  },
  {
    "coin": "ICX",
    "name": "icon",
    "fname": "ICON",
    "etomic": "0xb5a5f22694352c15b00323844ad545abb2b11028",
    "decimals": 18,
    "rpcport": 80
  },
  {
    "coin": "BNB",
    "name": "binance-coin",
    "fname": "Binance Coin",
    "etomic": "0xB8c77482e45F1F44dE1745F52C74426C631bDD52",
    "rpcport": 80
  },
  {
    "coin": "BTK",
    "name": "bitcointoken",
    "fname": "BitcoinToken",
    "etomic": "0xdb8646F5b487B5Dd979FAC618350e85018F557d4",
    "rpcport": 80
  },
  {
    "coin": "DAI",
    "name": "dai",
    "fname": "Dai",
    "etomic": "0x89d24A6b4CcB1B6fAA2625fE562bDD9a23260359",
    "rpcport": 80
  },
  {
    "coin": "DDD",
    "name": "scryinfo",
    "fname": "Scry.info",
    "etomic": "0x9F5F3CFD7a32700C93F971637407ff17b91c7342",
    "rpcport": 80
  },
  {
    "coin": "DGD",
    "name": "digixdao",
    "fname": "DigixDAO",
    "etomic": "0xE0B7927c4aF23765Cb51314A0E0521A9645F0E2A",
    "decimals": 9,
    "rpcport": 80
  },
  {
    "coin": "DGPT",
    "name": "digipulse",
    "fname": "DigiPulse",
    "etomic": "0xf6cFe53d6FEbaEEA051f400ff5fc14F0cBBDacA1",
    "rpcport": 80
  },
  {
    "coin": "DRGN",
    "name": "dragonchain",
    "fname": "Dragonchain",
    "etomic": "0x419c4db4b9e25d6db2ad9691ccb832c8d9fda05e",
    "rpcport": 80
  },
  {
    "coin": "FLLW",
    "name": "followcoin",
    "fname": "FollowCoin",
    "etomic": "0x0200412995f1bafef0d3f97c4e28ac2515ec1ece",
    "rpcport": 80
  },
  {
    "coin": "FSN",
    "name": "fusion",
    "fname": "Fusion",
    "etomic": "0xd0352a019e9ab9d757776f532377aaebd36fd541",
    "rpcport": 80
  },
  {
    "coin": "HYD",
    "name": "hydra",
    "fname": "Hydra",
    "etomic": "0xD233495C48EB0143661fFC8458EAfc21b633f97f",
    "rpcport": 80
  },
  {
    "coin": "IOST",
    "name": "iostoken",
    "fname": "IOST",
    "etomic": "0xfa1a856cfa3409cfa145fa4e20eb270df3eb21ab",
    "rpcport": 80
  },
  {
    "coin": "PPT",
    "name": "populous",
    "fname": "Populous",
    "etomic": "0xd4fa1460F537bb9085d22C7bcCB5DD450Ef28e3a",
    "rpcport": 80
  },
  {
    "coin": "LRC",
    "name": "loopring",
    "fname": "Loopring",
    "etomic": "0xEF68e7C694F40c8202821eDF525dE3782458639f",
    "decimals": 18,
    "rpcport": 80
  },
  {
    "coin": "MDS",
    "name": "medishares",
    "fname": "MediShares",
    "etomic": "0x66186008C1050627F979d464eABb258860563dbE",
    "rpcport": 80
  },
  {
    "coin": "MKR",
    "name": "maker",
    "fname": "Maker",
    "etomic": "0x9f8F72aA9304c8B593d555F12eF6589cC3A579A2",
    "rpcport": 80
  },
  {
    "coin": "SNT",
    "name": "status",
    "fname": "Status",
    "etomic": "0x744d70FDBE2Ba4CF95131626614a1763DF805B9E",
    "rpcport": 80
  },
  {
    "coin": "REP",
    "name": "augur",
    "fname": "Augur",
    "etomic": "0x1985365e9f78359a9B6AD760e32412f4a445E862",
    "rpcport": 80
  },
  {
    "coin": "SRN",
    "name": "sirin-labs-token",
    "fname": "SIRIN LABS Token",
    "etomic": "0x68d57c9a1c35f63e2c83ee8e49a64e9d70528d25",
    "rpcport": 80
  },
  {
    "coin": "YLC",
    "name": "yolocash",
    "fname": "YoloCash",
    "etomic": "0x21d5678A62DFe63a47062469Ebb2fAc2817D8832",
    "rpcport": 80
  },
  {
    "coin": "ZRX",
    "name": "0x",
    "fname": "0x",
    "etomic": "0xE41d2489571d322189246DaFA5ebDe1F4699F498",
    "rpcport": 80
  },
  {
    "coin": "BAT",
    "name": "basic-attention-token",
    "fname": "Basic Attention Token",
    "etomic": "0x0D8775F648430679A709E98d2b0Cb6250d2887EF",
    "rpcport": 80
  },
  {
    "coin": "ETHOS",
    "name": "ethos",
    "fname": "Ethos",
    "etomic": "0x5Af2Be193a6ABCa9c8817001F45744777Db30756",
    "rpcport": 80
  },
  {
    "coin": "QASH",
    "name": "qash",
    "fname": "Qash",
    "etomic": "0x618E75Ac90b12c6049Ba3b27f5d5F8651b0037F6",
    "rpcport": 80
  },
  {
    "coin": "FUN",
    "name": "funfair",
    "fname": "FunFair",
    "etomic": "0x419D0d8BdD9aF5e606Ae2232ed285Aff190E711b",
    "rpcport": 80
  },
  {
    "coin": "KNC",
    "name": "kyber-network",
    "fname": "Kyber Network",
    "etomic": "0xdd974D5C2e2928deA5F71b9825b8b646686BD200",
    "rpcport": 80
  },
  {
    "coin": "SALT",
    "name": "salt",
    "fname": "Salt",
    "etomic": "0x4156D3342D5c385a87D264F90653733592000581",
    "rpcport": 80
  },
  {
    "coin": "BNT",
    "name": "bancor",
    "fname": "Bancor",
    "etomic": "0x1F573D6Fb3F13d689FF844B4cE37794d79a7FF1C",
    "rpcport": 80
  },
  {
    "coin": "ICN",
    "name": "iconomi",
    "fname": "Iconomi",
    "etomic": "0x888666CA69E0f178DED6D75b5726Cee99A87D698",
    "rpcport": 80
  },
  {
    "coin": "LUPX",
    "name": "lupecoin",
    "fname": "Lupecoin",
    "etomic": "0x49C67AE22c334D0123dD6DBDc44F5302e130a88b",
    "rpcport": 80
  },
  {
    "coin": "NAS",
    "name": "nebulas-token",
    "fname": "Nebulas",
    "etomic": "0x5d65d971895edc438f465c17db6992698a52318d",
    "rpcport": 80
  },
  {
    "coin": "PAY",
    "name": "tenx",
    "fname": "TenX",
    "etomic": "0xB97048628DB6B661D4C2aA833e95Dbe1A905B280",
    "rpcport": 80
  },
  {
    "coin": "REQ",
    "name": "request-network",
    "fname": "Request Network",
    "etomic": "0x8f8221aFbB33998d8584A2B05749bA73c37a938a",
    "rpcport": 80
  },
  {
    "coin": "STORJ",
    "name": "storj",
    "fname": "Storj",
    "etomic": "0xB64ef51C888972c908CFacf59B47C1AfBC0Ab8aC",
    "rpcport": 80
  },
  {
    "coin": "STWY",
    "name": "storweeytoken",
    "fname": "StorweeyToken",
    "etomic": "0x8a8c71f032362fca2994f75d854f911ec381ac5a",
    "rpcport": 80
  },
  {
    "coin": "GNO",
    "name": "gnosis-gno",
    "fname": "Gnosis",
    "etomic": "0x6810e776880C02933D47DB1b9fc05908e5386b96",
    "rpcport": 80
  },
  {
    "coin": "RLC",
    "name": "rlc",
    "fname": "iExec RLC",
    "etomic": "0x607F4C5BB672230e8672085532f7e901544a7375",
    "rpcport": 80
  },
  {
    "coin": "ENJ",
    "name": "enjin-coin",
    "fname": "Enjin Coin",
    "etomic": "0xF629cBd94d3791C9250152BD8dfBDF380E2a3B9c",
    "rpcport": 80
  },
  {
    "coin": "QSP",
    "name": "quantstamp",
    "fname": "Quantstamp",
    "etomic": "0x99ea4dB9EE77ACD40B119BD1dC4E33e1C070b80d",
    "rpcport": 80
  },
  {
    "coin": "RDN",
    "name": "raiden-network-token",
    "fname": "Raiden Network Token",
    "etomic": "0x255Aa6DF07540Cb5d3d297f0D0D4D84cb52bc8e6",
    "rpcport": 80
  },
  {
    "coin": "WTC",
    "name": "waltonchain",
    "fname": "Waltonchain",
    "etomic": "0xb7cb1c96db6b22b0d3d9536e0108d062bd488f74",
    "rpcport": 80
  },
  {
    "coin": "CVC",
    "name": "civic",
    "fname": "Civic",
    "etomic": "0x41e5560054824eA6B0732E656E3Ad64E20e94E45",
    "rpcport": 80
  },
  {
    "coin": "SAN",
    "name": "santiment",
    "fname": "Santiment",
    "etomic": "0x7C5A0CE9267ED19B22F8cae653F198e3E8daf098",
    "rpcport": 80
  },
  {
    "coin": "ANT",
    "name": "aragon",
    "fname": "Aragon",
    "etomic": "0x960b236A07cf122663c4303350609A66A7B288C0",
    "rpcport": 80
  },
  {
    "coin": "LOOM",
    "name": "loom-network",
    "fname": "Loom Network",
    "etomic": "0xa4e8c3ec456107ea67d3075bf9e3df3a75823db0",
    "rpcport": 80
  },
  {
    "coin": "MANA",
    "name": "decentraland",
    "fname": "Decentraland",
    "etomic": "0x0F5D2fB29fb7d3CFeE444a200298f468908cC942",
    "rpcport": 80
  },
  {
    "coin": "MCO",
    "name": "monaco",
    "fname": "Monaco",
    "etomic": "0xB63B606Ac810a52cCa15e44bB630fd42D8d1d83d",
    "rpcport": 80
  },
  {
    "coin": "MGO",
    "name": "mobilego",
    "fname": "MobileGo",
    "etomic": "0x40395044Ac3c0C57051906dA938B54BD6557F212",
    "rpcport": 80
  },
  {
    "coin": "MTL",
    "name": "metal",
    "fname": "Metal",
    "etomic": "0xF433089366899D83a9f26A773D59ec7eCF30355e",
    "rpcport": 80
  },
  {
    "coin": "EDG",
    "name": "edgeless",
    "fname": "Edgeless",
    "etomic": "0x08711D3B02C8758F2FB3ab4e80228418a7F8e39c",
    "rpcport": 80
  },
  {
    "coin": "MLN",
    "name": "melon",
    "fname": "Melon",
    "etomic": "0xBEB9eF514a379B997e0798FDcC901Ee474B6D9A1",
    "rpcport": 80
  },
  {
    "coin": "AMB",
    "name": "amber",
    "fname": "Ambrosus",
    "etomic": "0x4DC3643DbC642b72C158E7F3d2ff232df61cb6CE",
    "rpcport": 80
  },
  {
    "coin": "WINGS",
    "name": "wings",
    "fname": "Wings",
    "etomic": "0x667088b212ce3d06a1b553a7221E1fD19000d9aF",
    "rpcport": 80
  },
  {
    "coin": "POWR",
    "name": "power-ledger",
    "fname": "Power Ledger",
    "etomic": "0x595832f8fc6bf59c85c527fec3740a1b7a361269",
    "rpcport": 80
  },
  {
    "coin": "PRL",
    "name": "oyster",
    "fname": "Oyster",
    "etomic": "0x1844b21593262668b7248d0f57a220caaba46ab9",
    "rpcport": 80
  },
  {
    "coin": "RHOC",
    "name": "rchain",
    "fname": "RChain",
    "etomic": "0x168296bb09e24a88805cb9c33356536b980d3fc5",
    "rpcport": 80
  },
  {
    "coin": "RCN",
    "name": "ripio-credit-network",
    "fname": "Ripio Credit Network",
    "etomic": "0xF970b8E36e23F7fC3FD752EeA86f8Be8D83375A6",
    "rpcport": 80
  },
  {
    "coin": "SANC",
    "name": "sancoj",
    "fname": "Sancoj",
    "etomic": "0x03ec7bb59be036870ef696a2abf124f496d6735a",
    "rpcport": 80
  },
  {
    "coin": "SNGLS",
    "name": "singulardtv",
    "fname": "SingularDTV",
    "etomic": "0xaeC2E87E0A235266D9C5ADc9DEb4b2E29b54D009",
    "rpcport": 80
  },
  {
    "coin": "TAAS",
    "name": "taas",
    "fname": "TaaS",
    "etomic": "0xE7775A6e9Bcf904eb39DA2b68c5efb4F9360e08C",
    "rpcport": 80
  },
  {
    "coin": "DNT",
    "name": "district0x",
    "fname": "District0x",
    "etomic": "0x0AbdAce70D3790235af448C88547603b945604ea",
    "rpcport": 80
  },
  {
    "coin": "CFI",
    "name": "cofound-it",
    "fname": "Cofound.it",
    "etomic": "0x12FEF5e57bF45873Cd9B62E9DBd7BFb99e32D73e",
    "rpcport": 80
  },
  {
    "coin": "LUN",
    "name": "lunyr",
    "fname": "Lunyr",
    "etomic": "0xfa05A73FfE78ef8f1a739473e462c54bae6567D9",
    "rpcport": 80
  },
  {
    "coin": "ADT",
    "name": "adtoken",
    "fname": "adToken",
    "etomic": "0xD0D6D6C5Fe4a677D343cC433536BB717bAe167dD",
    "rpcport": 80
  },
  {
    "coin": "AST",
    "name": "airswap",
    "fname": "AirSwap",
    "etomic": "0x27054b13b1B798B345b591a4d22e6562d47eA75a",
    "rpcport": 80
  },
  {
    "coin": "CDT",
    "name": "blox",
    "fname": "Blox",
    "etomic": "0x177d39AC676ED1C67A2b268AD7F1E58826E5B0af",
    "rpcport": 80
  },
  {
    "coin": "TKN",
    "name": "tokencard",
    "fname": "TokenCard",
    "etomic": "0xaAAf91D9b90dF800Df4F55c205fd6989c977E73a",
    "rpcport": 80
  },
  {
    "coin": "HMQ",
    "name": "humaniq",
    "fname": "Humaniq",
    "etomic": "0xcbCC0F036ED4788F63FC0fEE32873d6A7487b908",
    "rpcport": 80
  },
  {
    "coin": "BCAP",
    "name": "bcap",
    "fname": "Bcap",
    "etomic": "0xFf3519eeeEA3e76F1F699CCcE5E23ee0bdDa41aC",
    "rpcport": 80
  },
  {
    "coin": "NMR",
    "name": "numeraire",
    "fname": "Numeraire",
    "etomic": "0x1776e1F26f98b1A5dF9cD347953a26dd3Cb46671",
    "rpcport": 80
  },
  {
    "coin": "NET",
    "name": "nimiq",
    "fname": "Nimiq",
    "etomic": "0xcfb98637bcae43C13323EAa1731cED2B716962fD",
    "rpcport": 80
  },
  {
    "coin": "TRST",
    "name": "trust",
    "fname": "Trust",
    "etomic": "0xCb94be6f13A1182E4A4B6140cb7bf2025d28e41B",
    "rpcport": 80
  },
  {
    "coin": "GUP",
    "name": "guppy",
    "fname": "Matchpool",
    "etomic": "0xf7B098298f7C69Fc14610bf71d5e02c60792894C",
    "rpcport": 80
  },
  {
    "coin": "1ST",
    "name": "firstblood",
    "fname": "FirstBlood",
    "etomic": "0xAf30D2a7E90d7DC361c8C4585e9BB7D2F6f15bc7",
    "rpcport": 80
  },
  {
    "coin": "TIME",
    "name": "chronobank",
    "fname": "Chronobank",
    "etomic": "0x6531f133e6DeeBe7F2dcE5A0441aA7ef330B4e53",
    "rpcport": 80
  },
  {
    "coin": "SWT",
    "name": "swarm-city",
    "fname": "Swarm City",
    "etomic": "0xB9e7F8568e08d5659f5D29C4997173d84CdF2607",
    "rpcport": 80
  },
  {
    "coin": "VEN",
    "name": "vechain",
    "fname": "VeChain",
    "etomic": "0xd850942ef8811f2a866692a623011bde52a462c1",
    "rpcport": 80
  },
  {
    "coin": "DICE",
    "name": "etheroll",
    "fname": "Etheroll",
    "etomic": "0x2e071D2966Aa7D8dECB1005885bA1977D6038A65",
    "rpcport": 80
  },
  {
    "coin": "XAUR",
    "name": "xaurum",
    "fname": "Xarum",
    "etomic": "0x4DF812F6064def1e5e029f1ca858777CC98D2D81",
    "rpcport": 80
  },
  {
    "coin": "XOV",
    "name": "xovbank",
    "fname": "XOVBank",
    "etomic": "0x153eD9CC1b792979d2Bde0BBF45CC2A7e436a5F9",
    "rpcport": 80
  },
  {
    "coin": "PLU",
    "name": "pluton",
    "fname": "Pluton",
    "etomic": "0xD8912C10681D8B21Fd3742244f44658dBA12264E",
    "rpcport": 80
  },
  {
    "coin": "HGT",
    "name": "hellogold",
    "fname": "HelloGold",
    "etomic": "0xba2184520A1cC49a6159c57e61E1844E085615B6",
    "rpcport": 80
  },
  {
    "coin": "VSL",
    "name": "vslice",
    "fname": "vSlice",
    "etomic": "0x5c543e7AE0A1104f78406C340E9C64FD9fCE5170",
    "decimals": 18,
    "rpcport": 80
  },
  {
    "coin": "IND",
    "name": "indorse-token",
    "fname": "Indorse Token",
    "etomic": "0xf8e386EDa857484f5a12e4B5DAa9984E06E73705",
    "rpcport": 80
  },
  {
    "coin": "FYN",
    "name": "fundyourselfnow",
    "fname": "FundYourselfNow",
    "etomic": "0x88FCFBc22C6d3dBaa25aF478C578978339BDe77a",
    "rpcport": 80
  },
  {
    "coin": "JST",
    "name": "JST",
    "fname": "JST (TESTCOIN)",
    "etomic": "0x996a8ae0304680f6a69b8a9d7c6e37d65ab5ab56",
    "rpcport": 80
  },
  {
    "coin": "DEC8",
    "name": "DEC8",
    "fname": "DEC8 (TESTCOIN)",
    "etomic": "0x3ab100442484dc2414aa75b2952a0a6f03f8abfd",
    "rpcport": 80
  },
  {
    "coin": "ETH",
    "name": "ethereum",
    "fname": "Ethereum",
    "etomic": "0x0000000000000000000000000000000000000000",
    "rpcport": 80
  },
  {
    "coin": "EOS",
    "name": "EOS",
    "fname": "EOS",
    "etomic": "0x86fa049857e0209aa7d9e616f7eb3b3b78ecfdb0",
    "rpcport": 80
  },
  {
    "coin": "ZIL",
    "name": "zilliqa",
    "fname": "Zilliqa",
    "etomic": "0x05f4a42e251f2d52b8ed15e9fedaacfcef1fad27",
    "rpcport": 80
  },
  {
    "coin": "BITS",
    "name": "bitstar",
    "fname": "Bitstar",
    "rpcport": 15715,
    "isPoS": 1,
    "pubtype": 25,
    "p2shtype": 8,
    "wiftype": 153,
    "txfee": 10000
  },
  {
    "coin": "ELI",
    "name": "elicoin",
    "fname": "Elicoin",
    "rpcport": 9332,
    "pubtype": 33,
    "p2shtype": 102,
    "wiftype": 205,
    "txfee": 10000
  },
  {
    "coin": "SCRIV",
    "name": "scriv",
    "fname": "Scriv",
    "confpath": "USERHOME/.scrivcore/scriv.conf",
    "rpcport": 7998,
    "pubtype": 125,
    "p2shtype": 16,
    "wiftype": 204,
    "txfee": 10000
  },
  {
    "coin": "SMART",
    "name": "smartcash",
    "fname": "SmartCash",
    "rpcport": 9679,
    "pubtype": 63,
    "p2shtype": 18,
    "wiftype": 191,
    "txfee": 200000
  },
  {
    "coin": "ELP",
    "name": "ellerium",
    "fname": "Ellerium",
    "rpcport": 61020,
    "pubtype": 23,
    "p2shtype": 13,
    "wiftype": 212,
    "txfee": 10000
  },
  {
    "coin": "XCOIN",
    "name": "xcoin",
    "fname": "xCoin",
    "rpcport": 22717,
    "pubtype": 137,
    "p2shtype": 15,
    "wiftype": 75,
    "txfee": 100000
  },
  {
    "coin": "ROI",
    "name": "ROIcoin",
    "fname": "ROICoin",
    "rpcport": 3376,
    "pubtype": 60,
    "p2shtype": 122,
    "wiftype": 128,
    "txfee": 200000
  },
  {
    "coin": "BTCP",
    "name": "btcprivate",
    "fname": "BitcoinPrivate",
    "rpcport": 7932,
    "taddr": 19,
    "pubtype": 37,
    "p2shtype": 175,
    "wiftype": 128,
    "txfee": 10000
  },
  {
    "coin": "DNR",
    "name": "denarius",
    "fname": "Denarius",
    "rpcport": 32339,
    "isPoS": 1,
    "pubtype": 30,
    "p2shtype": 90,
    "wiftype": 158,
    "txfee": 10000
  },
  {
    "coin": "RVN",
    "name": "raven",
    "fname": "Raven",
    "rpcport": 8766,
    "pubtype": 60,
    "p2shtype": 122,
    "wiftype": 128,
    "txfee": 100000
  },
  {
    "coin": "VIVO",
    "name": "vivo",
    "fname": "Vivo",
    "confpath": "USERHOME/.vivocore/vivo.conf",
    "rpcport": 9998,
    "pubtype": 70,
    "p2shtype": 10,
    "wiftype": 198,
    "txfee": 10000
  },
  {
    "coin": "KNG",
    "name": "kings",
    "fname": "Kings",
    "rpcport": 44888,
    "pubtype": 75,
    "p2shtype": 125,
    "wiftype": 203,
    "txfee": 10000
  },
  {
    "coin": "UFO",
    "name": "ufocoin",
    "fname": "Uniform Fiscal Object",
    "confpath": "USERHOME/.ufo/ufocoin.conf",
    "rpcport": 9888,
    "pubtype": 27,
    "p2shtype": 5,
    "wiftype": 155,
    "txfee": 100000
  },
  {
    "coin": "KREDS",
    "name": "kreds",
    "fname": "Kreds",
    "rpcport": 3850,
    "pubtype": 45,
    "p2shtype": 5,
    "wiftype": 195,
    "txfee": 10000
  },
  {
    "coin": "XSG",
    "name": "snowgem",
    "fname": "SnowGem",
    "rpcport": 16112,
    "taddr": 28,
    "pubtype": 40,
    "p2shtype": 45,
    "wiftype": 128,
    "txfee": 10000
  },
  {
    "coin": "ZEL",
    "name": "zelcash",
    "fname": "Zelcash",
    "rpcport": 16124,
    "taddr": 28,
    "pubtype": 184,
    "p2shtype": 189,
    "wiftype": 128,
    "txfee": 10000
  },
  {
    "coin": "OOT",
    "asset": "OOT",
    "fname": "Utrum",
    "rpcport": 12467
  },
  {
    "coin": "PIVX",
    "name": "pivx",
    "fname": "PivX",
    "rpcport": 51473,
    "pubtype": 30,
    "p2shtype": 13,
    "wiftype": 212,
    "txfee": 10000
  },
  {
    "coin": "HTML",
    "name": "htmlcoin",
    "fname": "HTML Coin",
    "rpcport": 4889,
    "pubtype": 41,
    "p2shtype": 100,
    "wiftype": 169,
    "txfee": 400000
  },
  {
    "coin": "MNX",
    "name": "Minexcoin",
    "fname": "Minexcoin",
    "rpcport": 17786,
    "pubtype": 75,
    "p2shtype": 5,
    "wiftype": 128,
    "txfee": 10000
  },
  {
    "coin": "LTZ",
    "name": "litecoinz",
    "fname": "Litecoinz",
    "rpcport": 29332,
    "taddr": 10,
    "pubtype": 179,
    "p2shtype": 184,
    "wiftype": 128,
    "txfee": 1000
  },
  {
    "coin": "MLM",
    "name": "mktcoin",
    "fname": "MktCoin",
    "rpcport": 9276,
    "pubtype": 110,
    "p2shtype": 115,
    "wiftype": 238,
    "txfee": 10000
  },
  {
    "coin": "BAY",
    "name": "bitbay",
    "fname": "Bitbay",
    "isPoS": 1,
    "rpcport": 19915,
    "pubtype": 25,
    "p2shtype": 85,
    "wiftype": 153,
    "txfee": 10000
  },
  {
    "coin": "CRC",
    "name": "crowdcoin",
    "fname": "Crowdcoin",
    "confpath": "USERHOME/.crowdcoincore/crowdcoin.conf",
    "rpcport": 11998,
    "pubtype": 28,
    "p2shtype": 88,
    "wiftype": 0,
    "txfee": 10000
  },
  {
    "coin": "ZOI",
    "name": "zoin",
    "fname": "Zoin",
    "rpcport": 8255,
    "pubtype": 80,
    "p2shtype": 7,
    "wiftype": 208,
    "txfee": 1000
  },
  {
    "coin": "PIZZA",
    "asset": "PIZZA",
    "fname": "PIZZA (TESTCOIN)",
    "rpcport": 11116
  },
  {
    "coin": "BEER",
    "asset": "BEER",
    "fname": "BEER (TESTCOIN)",
    "rpcport": 8923
  },
  {
    "coin": "GRS",
    "name": "groestlcoin",
    "fname": "Groestlcoin",
    "rpcport": 1441,
    "pubtype": 36,
    "p2shtype": 5,
    "wiftype": 128,
    "txfee": 10000
  },
  {
    "coin": "VOT",
    "name": "votecoin",
    "fname": "Votecoin",
    "rpcport": 8232,
    "taddr": 28,
    "pubtype": 184,
    "p2shtype": 189,
    "wiftype": 128,
    "txfee": 10000
  },
  {
    "coin": "XMCC",
    "name": "monoeci",
    "fname": "Monoeci",
    "confpath": "USERHOME/.monoeciCore/monoeci.conf",
    "rpcport": 24156,
    "pubtype": 50,
    "p2shtype": 73,
    "wiftype": 77,
    "txfee": 10000
  },
  {
    "coin": "ABY",
    "name": "applebyte",
    "fname": "ArtByte",
    "rpcport": 8607,
    "pubtype": 23,
    "p2shtype": 5,
    "wiftype": 151,
    "txfee": 100000
  },
  {
    "coin": "BTCH",
    "asset": "BTCH",
    "fname": "Bitcoin Hush",
    "rpcport": 8800
  },
  {
    "coin": "ETOMIC",
    "asset": "ETOMIC",
    "fname": "ETOMIC",
    "rpcport": 10271
  },
  {
    "coin": "AXO",
    "asset": "AXO",
    "fname": "AXO",
    "rpcport": 12927
  },
  {
    "coin": "INN",
    "name": "innova",
    "fname": "Innova",
    "confpath": "USERHOME/.innovacore/innova.conf",
    "rpcport": 8818,
    "pubtype": 102,
    "p2shtype": 20,
    "wiftype": 195,
    "txfee": 10000
  },
  {
    "coin": "MOON",
    "name": "mooncoin",
    "fname": "Mooncoin",
    "rpcport": 44663,
    "pubtype": 3,
    "p2shtype": 22,
    "wiftype": 131,
    "txfee": 100000
  },
  {
    "coin": "CRW",
    "name": "crown",
    "fname": "Crown",
    "rpcport": 9341,
    "pubtype": 0,
    "p2shtype": 28,
    "wiftype": 128,
    "txfee": 10000
  },
  {
    "coin": "EFL",
    "name": "egulden",
    "fname": "Egulden",
    "confpath": "USERHOME/.egulden/coin.conf",
    "rpcport": 21015,
    "pubtype": 48,
    "p2shtype": 5,
    "wiftype": 176,
    "txfee": 100000
  },
  {
    "coin": "GBX",
    "name": "gobyte",
    "fname": "gobyte",
    "confpath": "USERHOME/.gobytecore/gobyte.conf",
    "rpcport": 12454,
    "pubtype": 38,
    "p2shtype": 10,
    "wiftype": 198,
    "txfee": 10000
  },
  {
    "coin": "BCO",
    "name": "bridgecoin",
    "fname": "Bridgecoin",
    "rpcport": 6332,
    "pubtype": 27,
    "p2shtype": 5,
    "wiftype": 176,
    "txfee": 100000
  },
  {
    "coin": "XZC",
    "name": "zcoin",
    "fname": "Zcoin",
    "rpcport": 8888,
    "pubtype": 82,
    "p2shtype": 7,
    "wiftype": 210,
    "txfee": 10000
  },
  {
    "coin": "BTG",
    "name": "bitcoingold",
    "fname": "BitcoinGold",
    "rpcport": 12332,
    "pubtype": 38,
    "p2shtype": 23,
    "wiftype": 128,
    "txfee": 10000
  },
  {
    "coin": "BLK",
    "name": "lore",
    "fname": "Blackcoin",
    "isPoS": 1,
    "rpcport": 15715,
    "pubtype": 25,
    "p2shtype": 85,
    "wiftype": 153,
    "txfee": 100000
  },
  {
    "coin": "BCH",
    "name": "bch",
    "fname": "Bitcoin Cash",
    "rpcport": 33333,
    "pubtype": 0,
    "p2shtype": 5,
    "wiftype": 128,
    "txfee": 1000
  },
  {
    "coin": "QTUM",
    "name": "qtum",
    "fname": "Qtum",
    "rpcport": 3889,
    "pubtype": 58,
    "p2shtype": 50,
    "wiftype": 128,
    "txfee": 400000
  },
  {
    "coin": "PGN",
    "name": "pigeon",
    "fname": "Pigeon",
    "rpcport": 8756,
    "pubtype": 55,
    "p2shtype": 122,
    "wiftype": 128,
    "txfee": 10000
  },
  {
    "coin": "PURA",
    "name": "pura",
    "fname": "Pura",
    "rpcport": 55555,
    "pubtype": 55,
    "p2shtype": 16,
    "wiftype": 150,
    "txfee": 10000
  },
  {
    "coin": "DSR",
    "name": "desire",
    "fname": "Desire",
    "confpath": "USERHOME/.desirecore/desire.conf",
    "rpcport": 9918,
    "pubtype": 30,
    "p2shtype": 16,
    "wiftype": 204,
    "txfee": 10000
  },
  {
    "coin": "MNZ",
    "asset": "MNZ",
    "fname": "Monaize",
    "rpcport": 14337
  },
  {
    "coin": "BTCZ",
    "name": "bitcoinz",
    "fname": "BitcoinZ",
    "rpcport": 1979,
    "taddr": 28,
    "pubtype": 184,
    "p2shtype": 189,
    "wiftype": 128,
    "txfee": 10000
  },
  {
    "coin": "MAGA",
    "name": "magacoin",
    "fname": "Magacoin",
    "rpcport": 5332,
    "pubtype": 23,
    "p2shtype": 50,
    "wiftype": 176,
    "txfee": 100000
  },
  {
    "coin": "BSD",
    "name": "bitsend",
    "fname": "Bitsend",
    "rpcport": 8800,
    "pubtype": 102,
    "p2shtype": 5,
    "wiftype": 204,
    "txfee": 10000
  },
  {
    "coin": "IOP",
    "name": "IoP",
    "fname": "IoP",
    "rpcport": 8337,
    "pubtype": 117,
    "p2shtype": 174,
    "wiftype": 49,
    "txfee": 10000
  },
  {
    "coin": "BLOCK",
    "name": "blocknetdx",
    "fname": "BlocknetDX",
    "rpcport": 41414,
    "pubtype": 26,
    "p2shtype": 28,
    "wiftype": 154,
    "txfee": 10000
  },
  {
    "coin": "CHIPS",
    "name": "chips",
    "fname": "Chips",
    "rpcport": 57776,
    "pubtype": 60,
    "p2shtype": 85,
    "wiftype": 188,
    "txfee": 10000
  },
  {
    "coin": "888",
    "name": "octocoin",
    "fname": "Octocoin",
    "rpcport": 22888,
    "pubtype": 18,
    "p2shtype": 5,
    "wiftype": 176,
    "txfee": 2000000
  },
  {
    "coin": "ARG",
    "name": "argentum",
    "fname": "Argentum",
    "rpcport": 13581,
    "pubtype": 23,
    "p2shtype": 5,
    "wiftype": 151,
    "txfee": 50000
  },
  {
    "coin": "GLD",
    "name": "goldcoin",
    "fname": "GoldCoin",
    "rpcport": 9332,
    "pubtype": 32,
    "p2shtype": 5,
    "wiftype": 160,
    "txfee": 100000
  },
  {
    "coin": "GLT",
    "name": "globaltoken",
    "fname": "GlobalToken",
    "rpcport": 9320,
    "pubtype": 38,
    "p2shtype": 5,
    "wiftype": 166,
    "txfee": 10000
  },
  {
    "coin": "ZER",
    "name": "zero",
    "fname": "Zero",
    "rpcport": 23801,
    "taddr": 28,
    "pubtype": 184,
    "p2shtype": 189,
    "wiftype": 128,
    "txfee": 1000
  },
  {
    "coin": "HODLC",
    "name": "hodlcoin",
    "fname": "Hodlcoin",
    "rpcport": 11989,
    "pubtype": 40,
    "p2shtype": 5,
    "wiftype": 168,
    "txfee": 5000
  },
  {
    "coin": "UIS",
    "name": "unitus",
    "fname": "Unitus",
    "rpcport": 50604,
    "pubtype": 68,
    "p2shtype": 10,
    "wiftype": 132,
    "txfee": 2000000
  },
  {
    "coin": "HUC",
    "name": "huntercoin",
    "fname": "Huntercoin",
    "rpcport": 8399,
    "pubtype": 40,
    "p2shtype": 13,
    "wiftype": 168,
    "txfee": 100000
  },
  {
    "coin": "BDL",
    "name": "bitdeal",
    "fname": "Bitdeal",
    "rpcport": 9332,
    "pubtype": 38,
    "p2shtype": 5,
    "wiftype": 176,
    "txfee": 100000
  },
  {
    "coin": "ARC",
    "name": "arcticcoin",
    "fname": "Advanced Technology Coin",
    "confpath": "USERHOME/.arcticcore/arcticcoin.conf",
    "rpcport": 7208,
    "pubtype": 23,
    "p2shtype": 8,
    "wiftype": 176,
    "txfee": 10000
  },
  {
    "coin": "ZCL",
    "name": "zclassic",
    "fname": "ZClassic",
    "rpcport": 8023,
    "taddr": 28,
    "pubtype": 184,
    "p2shtype": 189,
    "wiftype": 128,
    "txfee": 1000
  },
  {
    "coin": "VIA",
    "name": "viacoin",
    "fname": "Viacoin",
    "rpcport": 5222,
    "pubtype": 71,
    "p2shtype": 33,
    "wiftype": 199,
    "txfee": 100000
  },
  {
    "coin": "ERC",
    "name": "europecoin",
    "fname": "Europecoin",
    "rpcport": 11989,
    "pubtype": 33,
    "p2shtype": 5,
    "wiftype": 168,
    "txfee": 10000
  },
  {
    "coin": "FAIR",
    "name": "faircoin",
    "fname": "Faircoin",
    "confpath": "USERHOME/.faircoin2/faircoin.conf",
    "rpcport": 40405,
    "pubtype": 95,
    "p2shtype": 36,
    "wiftype": 223,
    "txfee": 1000000
  },
  {
    "coin": "FLO",
    "name": "flo",
    "fname": "Florincoin",
    "rpcport": 7313,
    "pubtype": 35,
    "p2shtype": 8,
    "wiftype": 176,
    "txfee": 100000
  },
  {
    "coin": "SXC",
    "name": "sexcoin",
    "fname": "Sexcoin",
    "rpcport": 9561,
    "pubtype": 62,
    "p2shtype": 5,
    "wiftype": 190,
    "txfee": 100000
  },
  {
    "coin": "CREA",
    "name": "creativecoin",
    "fname": "Creativecoin",
    "rpcport": 17711,
    "pubtype": 28,
    "p2shtype": 5,
    "wiftype": 176,
    "txfee": 100000
  },
  {
    "coin": "TRC",
    "name": "terracoin",
    "fname": "Terracoin",
    "confpath": "USERHOME/.terracoincore/terracoin.conf",
    "rpcport": 13332,
    "pubtype": 0,
    "p2shtype": 5,
    "wiftype": 128,
    "txfee": 10000
  },
  {
    "coin": "BTA",
    "name": "bata",
    "fname": "Beta",
    "rpcport": 5493,
    "pubtype": 25,
    "p2shtype": 5,
    "wiftype": 188,
    "txfee": 100000
  },
  {
    "coin": "SMC",
    "name": "smartcoin",
    "fname": "Smartcoin",
    "rpcport": 58583,
    "pubtype": 63,
    "p2shtype": 5,
    "wiftype": 191,
    "txfee": 1000000
  },
  {
    "coin": "NMC",
    "name": "namecoin",
    "fname": "Namecoin",
    "rpcport": 8336,
    "pubtype": 52,
    "p2shtype": 13,
    "wiftype": 180,
    "txfee": 100000
  },
  {
    "coin": "NAV",
    "name": "navcoin",
    "fname": "Navcoin",
    "isPoS": 1,
    "confpath": "USERHOME/.navcoin4/navcoin.conf",
    "rpcport": 44444,
    "pubtype": 53,
    "p2shtype": 85,
    "wiftype": 150,
    "txfee": 10000
  },
  {
    "coin": "EMC2",
    "name": "einsteinium",
    "fname": "Einsteinim",
    "rpcport": 41879,
    "pubtype": 33,
    "p2shtype": 5,
    "wiftype": 176,
    "txfee": 100000
  },
  {
    "coin": "SYS",
    "name": "syscoin",
    "fname": "Syscoin",
    "rpcport": 8370,
    "pubtype": 0,
    "p2shtype": 5,
    "wiftype": 128,
    "txfee": 10000
  },
  {
    "coin": "I0C",
    "name": "i0coin",
    "fname": "I0Coin",
    "rpcport": 7332,
    "pubtype": 105,
    "p2shtype": 5,
    "wiftype": 128,
    "txfee": 10000
  },
  {
    "coin": "DASH",
    "name": "dashcore",
    "fname": "Dash",
    "confpath": "USERHOME/.dashcore/dash.conf",
    "rpcport": 9998,
    "pubtype": 76,
    "p2shtype": 16,
    "wiftype": 204,
    "txfee": 10000
  },
  {
    "coin": "STRAT",
    "name": "stratis",
    "fname": "Stratis",
    "active": 0,
    "rpcport": 16174,
    "pubtype": 63,
    "p2shtype": 125,
    "wiftype": 191,
    "txfee": 10000
  },
  {
    "coin": "MUE",
    "name": "muecore",
    "fname": "MonetaryUnit",
    "confpath": "USERHOME/.muecore/mue.conf",
    "rpcport": 29683,
    "pubtype": 16,
    "p2shtype": 76,
    "wiftype": 126,
    "txfee": 10000
  },
  {
    "coin": "MONA",
    "name": "monacoin",
    "fname": "Monacoin",
    "rpcport": 9402,
    "pubtype": 50,
    "p2shtype": 5,
    "wiftype": 176,
    "txfee": 100000
  },
  {
    "coin": "XMY",
    "name": "myriadcoin",
    "fname": "Myriadcoin",
    "rpcport": 10889,
    "pubtype": 50,
    "p2shtype": 9,
    "wiftype": 178,
    "txfee": 5000
  },
  {
    "coin": "MAC",
    "name": "machinecoin",
    "fname": "Machinecoin",
    "rpcport": 40332,
    "pubtype": 50,
    "p2shtype": 5,
    "wiftype": 178,
    "txfee": 50000
  },
  {
    "coin": "BTX",
    "name": "bitcore",
    "fname": "Bitcore",
    "rpcport": 8556,
    "pubtype": 3,
    "p2shtype": 125,
    "wiftype": 128,
    "txfee": 50000
  },
  {
    "coin": "XRE",
    "name": "revolvercoin",
    "fname": "Revolvercoin",
    "rpcport": 8775,
    "pubtype": 0,
    "p2shtype": 5,
    "wiftype": 128,
    "txfee": 10000
  },
  {
    "coin": "LBC",
    "name": "lbrycrd",
    "fname": "Lbrycrd",
    "rpcport": 9245,
    "pubtype": 85,
    "p2shtype": 122,
    "wiftype": 28,
    "txfee": 10000
  },
  {
    "coin": "SIB",
    "name": "sibcoin",
    "fname": "SIBcoin",
    "rpcport": 1944,
    "pubtype": 63,
    "p2shtype": 40,
    "wiftype": 128,
    "txfee": 10000
  },
  {
    "coin": "VTC",
    "name": "vertcoin",
    "fname": "Vertcoin",
    "rpcport": 5888,
    "pubtype": 71,
    "p2shtype": 5,
    "wiftype": 128,
    "txfee": 100000
  },
  {
    "coin": "REVS",
    "asset": "REVS",
    "fname": "REVS",
    "rpcport": 10196
  },
  {
    "coin": "VRSC",
    "asset": "VRSC",
    "fname": "VerusCoin",
    "rpcport": 27486
  },
  {
    "coin": "ZILLA",
    "asset": "ZILLA",
    "fname": "ChainZilla",
    "rpcport": 10041
  },
  {
    "coin": "JUMBLR",
    "asset": "JUMBLR",
    "fname": "JUMBLR",
    "rpcport": 15106
  },
  {
    "coin": "DOGE",
    "name": "dogecoin",
    "fname": "Dogecoin",
    "rpcport": 22555,
    "pubtype": 30,
    "p2shtype": 22,
    "wiftype": 158,
    "txfee": 100000000
  },
  {
    "coin": "HUSH",
    "name": "hush",
    "fname": "Hush",
    "rpcport": 8822,
    "taddr": 28,
    "pubtype": 184,
    "p2shtype": 189,
    "wiftype": 128,
    "txfee": 1000
  },
  {
    "active": 0,
    "coin": "ZEC",
    "name": "zcash",
    "fname": "Zcash",
    "rpcport": 8232,
    "taddr": 28,
    "pubtype": 184,
    "p2shtype": 189,
    "wiftype": 128,
    "txfee": 10000
  },
  {
    "coin": "DGB",
    "name": "digibyte",
    "fname": "Digibyte",
    "rpcport": 14022,
    "pubtype": 30,
    "p2shtype": 5,
    "wiftype": 128,
    "txfee": 100000
  },
  {
    "coin": "ZET",
    "name": "zetacoin",
    "fname": "Zetacoin",
    "pubtype": 80,
    "p2shtype": 9,
    "rpcport": 8332,
    "wiftype": 224,
    "txfee": 10000
  },
  {
    "coin": "GAME",
    "rpcport": 40001,
    "name": "gamecredits",
    "fname": "GameCredits",
    "pubtype": 38,
    "p2shtype": 5,
    "wiftype": 166,
    "txfee": 1000000
  },
  {
    "coin": "LTC",
    "name": "litecoin",
    "fname": "Litecoin",
    "rpcport": 9332,
    "pubtype": 48,
    "p2shtype": 5,
    "wiftype": 176,
    "txfee": 100000
  },
  {
    "coin": "SUPERNET",
    "asset": "SUPERNET",
    "fname": "SUPERNET",
    "rpcport": 11341
  },
  {
    "coin": "WLC",
    "asset": "WLC",
    "fname": "Wireless Coin",
    "rpcport": 12167
  },
  {
    "coin": "PANGEA",
    "asset": "PANGEA",
    "fname": "Pangea Poker",
    "rpcport": 14068
  },
  {
    "coin": "DEX",
    "asset": "DEX",
    "fname": "InstantDEX",
    "rpcport": 11890
  },
  {
    "coin": "DSEC",
    "asset": "DSEC",
    "fname": "DSEC",
    "rpcport": 11557
  },
  {
    "coin": "BET",
    "asset": "BET",
    "fname": "BET",
    "rpcport": 14250
  },
  {
    "coin": "CRYPTO",
    "asset": "CRYPTO",
    "fname": "Crypto777",
    "rpcport": 8516
  },
  {
    "coin": "HODL",
    "asset": "HODL",
    "fname": "HODL",
    "rpcport": 14431
  },
  {
    "coin": "MSHARK",
    "asset": "MSHARK",
    "fname": "MiliShark",
    "rpcport": 8846
  },
  {
    "coin": "BOTS",
    "asset": "BOTS",
    "fname": "BOTS",
    "rpcport": 11964
  },
  {
    "coin": "MGW",
    "asset": "MGW",
    "fname": "MultiGateway",
    "rpcport": 12386
  },
  {
    "coin": "COQUI",
    "asset": "COQUI",
    "fname": "Coqui Cash",
    "rpcport": 14276
  },
  {
    "coin": "KV",
    "asset": "KV",
    "fname": "KeyValue",
    "rpcport": 8299
  },
  {
    "coin": "CEAL",
    "asset": "CEAL",
    "fname": "Ceal.io",
    "rpcport": 11116
  },
  {
    "coin": "MESH",
    "asset": "MESH",
    "fname": "SuperMESH",
    "rpcport": 9455
  },
  {
    "coin": "ROGER",
    "name": "theholyroger",
    "fname": "TheHolyRoger",
    "rpcport": 9662,
    "pubtype": 61,
    "p2shtype": 70,
    "wiftype": 176,
    "txfee": 100000
  },
  {
    "coin": "STAK",
    "name": "straks",
    "fname": "Starks",
    "rpcport": 7574,
    "pubtype": 63,
    "p2shtype": 5,
    "wiftype": 204,
    "txfee": 10000
  },
  {
    "coin": "IMG",
    "name": "ImageCoin",
    "fname": "ImageCoin",
    "rpcport": 6999,
    "pubtype": 63,
    "p2shtype": 5,
    "wiftype": 204,
    "txfee": 10000
   },
   {
    "coin":"CALL",
    "asset":"CALL",
    "fname": "Capital",
    "rpcport":19609
   },
   {
    "coin": "OCALL",
    "name": "capital",
    "fname": "Old Capital",
    "etomic": "0x2c02c801a3324b371ad285c64af372ff1e23f460",
    "rpcport": 80
   },
   {
    "coin": "CALLG",
    "name": "capitalgas",
    "fname": "Capital GAS",
    "etomic": "0x6c28f85eb1dbc7651ce02f7af1f29890ad084b94",
    "rpcport": 80
   }  
]
