[{"value":"BTC","label":"BTC"},{"value":"KMD","label":"KMD"},{"value":"XMCC","label":"XMCC"},{"value":"BTCH","label":"BTCH"},{"value":"ETOMIC","label":"ETOMIC"},{"value":"AXO","label":"AXO"},{"value":"CRC","label":"CRC"},{"value":"VOT","label":"VOT"},{"value":"INN","label":"INN"},{"value":"MOON","label":"MOON"},{"value":"CRW","label":"CRW"},{"value":"EFL","label":"EFL"},{"value":"GBX","label":"GBX"},{"value":"BCO","label":"BCO"},{"value":"BLK","label":"BLK"},{"value":"BTG","label":"BTG"},{"value":"BCH","label":"BCH"},{"value":"ABY","label":"ABY"},{"value":"STAK","label":"STAK"},{"value":"XZC","label":"XZC"},{"value":"QTUM","label":"QTUM"},{"value":"PURA","label":"PURA"},{"value":"DSR","label":"DSR"},{"value":"MNZ","label":"MNZ"},{"value":"BTCZ","label":"BTCZ"},{"value":"MAGA","label":"MAGA"},{"value":"BSD","label":"BSD"},{"value":"IOP","label":"IOP"},{"value":"BLOCK","label":"BLOCK"},{"value":"CHIPS","label":"CHIPS"},{"value":"888","label":"888"},{"value":"ARG","label":"ARG"},{"value":"GLT","label":"GLT"},{"value":"ZER","label":"ZER"},{"value":"HODLC","label":"HODLC"},{"value":"UIS","label":"UIS"},{"value":"HUC","label":"HUC"},{"value":"BDL","label":"BDL"},{"value":"ARC","label":"ARC"},{"value":"ZCL","label":"ZCL"},{"value":"VIA","label":"VIA"},{"value":"ERC","label":"ERC"},{"value":"FAIR","label":"FAIR"},{"value":"FLO","label":"FLO"},{"value":"SXC","label":"SXC"},{"value":"CREA","label":"CREA"},{"value":"TRC","label":"TRC"},{"value":"BTA","label":"BTA"},{"value":"SMC","label":"SMC"},{"value":"NMC","label":"NMC"},{"value":"NAV","label":"NAV"},{"value":"EMC2","label":"EMC2"},{"value":"SYS","label":"SYS"},{"value":"I0C","label":"I0C"},{"value":"DASH","label":"DASH"},{"value":"STRAT","label":"STRAT"},{"value":"MUE","label":"MUE"},{"value":"MONA","label":"MONA"},{"value":"XMY","label":"XMY"},{"value":"MAC","label":"MAC"},{"value":"BTX","label":"BTX"},{"value":"XRE","label":"XRE"},{"value":"LBC","label":"LBC"},{"value":"SIB","label":"SIB"},{"value":"VTC","label":"VTC"},{"value":"REVS","label":"REVS"},{"value":"JUMBLR","label":"JUMBLR"},{"value":"DOGE","label":"DOGE"},{"value":"HUSH","label":"HUSH"},{"value":"ZEC","label":"ZEC"},{"value":"DGB","label":"DGB"},{"value":"ZET","label":"ZET"},{"value":"GAME","label":"GAME"},{"value":"LTC","label":"LTC"},{"value":"SUPERNET","label":"SUPERNET"},{"value":"WLC","label":"WLC"},{"value":"PANGEA","label":"PANGEA"},{"value":"DEX","label":"DEX"},{"value":"BET","label":"BET"},{"value":"CRYPTO","label":"CRYPTO"},{"value":"HODL","label":"HODL"},{"value":"MSHARK","label":"MSHARK"},{"value":"BOTS","label":"BOTS"},{"value":"MGW","label":"MGW"},{"value":"COQUI","label":"COQUI"},{"value":"KV","label":"KV"},{"value":"CEAL","label":"CEAL"},{"value":"MESH","label":"MESH"}]