[{"value":"BTC","label":"BTC"},{"value":"KMD","label":"KMD"},{"value":"CHAIN","label":"CHAIN"},{"value":"GLXT","label":"GLXT"},{"value":"CC","label":"CC"},{"value":"COLX","label":"COLX"},{"value":"SPK","label":"SPK"},{"value":"ORE","label":"ORE"},{"value":"EQL","label":"EQL"},{"value":"PAC","label":"PAC"},{"value":"PEW","label":"PEW"},{"value":"SUN","label":"SUN"},{"value":"WAVI","label":"WAVI"},{"value":"ATB","label":"ATB"},{"value":"BTNX","label":"BTNX"},{"value":"CHC","label":"CHC"},{"value":"DOPE","label":"DOPE"},{"value":"POLIS","label":"POLIS"},{"value":"PYRO","label":"PYRO"},{"value":"XSN","label":"XSN"},{"value":"GRLC","label":"GRLC"},{"value":"HXX","label":"HXX"},{"value":"CRDS","label":"CRDS"},{"value":"DIN","label":"DIN"},{"value":"AXE","label":"AXE"},{"value":"BCBC","label":"BCBC"},{"value":"BUCK","label":"BUCK"},{"value":"CMM","label":"CMM"},{"value":"RAP","label":"RAP"},{"value":"RADIUS","label":"RADIUS"},{"value":"SEQ","label":"SEQ"},{"value":"DYN","label":"DYN"},{"value":"SBTC","label":"SBTC"},{"value":"FJC","label":"FJC"},{"value":"VRT","label":"VRT"},{"value":"AE","label":"AE"},{"value":"AION","label":"AION"},{"value":"ANN","label":"ANN"},{"value":"BITSOKO","label":"BITSOKO"},{"value":"BLZ","label":"BLZ"},{"value":"BOX","label":"BOX"},{"value":"BTCL","label":"BTCL"},{"value":"BTM","label":"BTM"},{"value":"CENNZ","label":"CENNZ"},{"value":"CMT","label":"CMT"},{"value":"CS","label":"CS"},{"value":"CYFR","label":"CYFR"},{"value":"DATA","label":"DATA"},{"value":"ELD","label":"ELD"},{"value":"ENG","label":"ENG"},{"value":"ETK","label":"ETK"},{"value":"FOOD","label":"FOOD"},{"value":"GMBEL","label":"GMBEL"},{"value":"GPN","label":"GPN"},{"value":"GTC","label":"GTC"},{"value":"GTO","label":"GTO"},{"value":"HT","label":"HT"},{"value":"JOI","label":"JOI"},{"value":"KICK","label":"KICK"},{"value":"LIKE","label":"LIKE"},{"value":"LINK","label":"LINK"},{"value":"LTR","label":"LTR"},{"value":"LYS","label":"LYS"},{"value":"MAN","label":"MAN"},{"value":"MMX","label":"MMX"},{"value":"MRPH","label":"MRPH"},{"value":"MTF","label":"MTF"},{"value":"MYB","label":"MYB"},{"value":"NOAH","label":"NOAH"},{"value":"NPXS","label":"NPXS"},{"value":"NULS","label":"NULS"},{"value":"OCC","label":"OCC"},{"value":"PAO","label":"PAO"},{"value":"PCL","label":"PCL"},{"value":"PCNC","label":"PCNC"},{"value":"POLY","label":"POLY"},{"value":"PURC","label":"PURC"},{"value":"QBIT","label":"QBIT"},{"value":"RVT","label":"RVT"},{"value":"SPANK","label":"SPANK"},{"value":"STRM41","label":"STRM41"},{"value":"SUB","label":"SUB"},{"value":"SVD","label":"SVD"},{"value":"THETA","label":"THETA"},{"value":"CIX","label":"CIX"},{"value":"DCN","label":"DCN"},{"value":"ELY","label":"ELY"},{"value":"DROP","label":"DROP"},{"value":"DRT","label":"DRT"},{"value":"ELF","label":"ELF"},{"value":"RLTY","label":"RLTY"},{"value":"FTC","label":"FTC"},{"value":"PXT","label":"PXT"},{"value":"STORM","label":"STORM"},{"value":"TUSD","label":"TUSD"},{"value":"WAX","label":"WAX"},{"value":"KIN","label":"KIN"},{"value":"LALA","label":"LALA"},{"value":"ONNI","label":"ONNI"},{"value":"PAT","label":"PAT"},{"value":"USDT","label":"USDT"},{"value":"BBT","label":"BBT"},{"value":"OCT","label":"OCT"},{"value":"OMG","label":"OMG"},{"value":"R","label":"R"},{"value":"UCASH","label":"UCASH"},{"value":"ICX","label":"ICX"},{"value":"BNB","label":"BNB"},{"value":"BTK","label":"BTK"},{"value":"DAI","label":"DAI"},{"value":"DDD","label":"DDD"},{"value":"DGD","label":"DGD"},{"value":"DGPT","label":"DGPT"},{"value":"DRGN","label":"DRGN"},{"value":"FLLW","label":"FLLW"},{"value":"FSN","label":"FSN"},{"value":"HYD","label":"HYD"},{"value":"IOST","label":"IOST"},{"value":"PPT","label":"PPT"},{"value":"LRC","label":"LRC"},{"value":"MDS","label":"MDS"},{"value":"MKR","label":"MKR"},{"value":"SNT","label":"SNT"},{"value":"REP","label":"REP"},{"value":"SRN","label":"SRN"},{"value":"YLC","label":"YLC"},{"value":"ZRX","label":"ZRX"},{"value":"BAT","label":"BAT"},{"value":"ETHOS","label":"ETHOS"},{"value":"QASH","label":"QASH"},{"value":"FUN","label":"FUN"},{"value":"KNC","label":"KNC"},{"value":"SALT","label":"SALT"},{"value":"BNT","label":"BNT"},{"value":"ICN","label":"ICN"},{"value":"LUPX","label":"LUPX"},{"value":"NAS","label":"NAS"},{"value":"PAY","label":"PAY"},{"value":"REQ","label":"REQ"},{"value":"STORJ","label":"STORJ"},{"value":"STWY","label":"STWY"},{"value":"GNO","label":"GNO"},{"value":"RLC","label":"RLC"},{"value":"ENJ","label":"ENJ"},{"value":"QSP","label":"QSP"},{"value":"RDN","label":"RDN"},{"value":"WTC","label":"WTC"},{"value":"CVC","label":"CVC"},{"value":"SAN","label":"SAN"},{"value":"ANT","label":"ANT"},{"value":"LOOM","label":"LOOM"},{"value":"MANA","label":"MANA"},{"value":"MCO","label":"MCO"},{"value":"MGO","label":"MGO"},{"value":"MTL","label":"MTL"},{"value":"EDG","label":"EDG"},{"value":"MLN","label":"MLN"},{"value":"AMB","label":"AMB"},{"value":"WINGS","label":"WINGS"},{"value":"POWR","label":"POWR"},{"value":"PRL","label":"PRL"},{"value":"RHOC","label":"RHOC"},{"value":"RCN","label":"RCN"},{"value":"SANC","label":"SANC"},{"value":"SNGLS","label":"SNGLS"},{"value":"TAAS","label":"TAAS"},{"value":"DNT","label":"DNT"},{"value":"CFI","label":"CFI"},{"value":"LUN","label":"LUN"},{"value":"ADT","label":"ADT"},{"value":"AST","label":"AST"},{"value":"CDT","label":"CDT"},{"value":"TKN","label":"TKN"},{"value":"HMQ","label":"HMQ"},{"value":"BCAP","label":"BCAP"},{"value":"NMR","label":"NMR"},{"value":"NET","label":"NET"},{"value":"TRST","label":"TRST"},{"value":"GUP","label":"GUP"},{"value":"1ST","label":"1ST"},{"value":"TIME","label":"TIME"},{"value":"SWT","label":"SWT"},{"value":"VEN","label":"VEN"},{"value":"DICE","label":"DICE"},{"value":"XAUR","label":"XAUR"},{"value":"XOV","label":"XOV"},{"value":"PLU","label":"PLU"},{"value":"HGT","label":"HGT"},{"value":"VSL","label":"VSL"},{"value":"IND","label":"IND"},{"value":"FYN","label":"FYN"},{"value":"JST","label":"JST"},{"value":"DEC8","label":"DEC8"},{"value":"ETH","label":"ETH"},{"value":"EOS","label":"EOS"},{"value":"ZIL","label":"ZIL"},{"value":"BITS","label":"BITS"},{"value":"ELI","label":"ELI"},{"value":"SCRIV","label":"SCRIV"},{"value":"SMART","label":"SMART"},{"value":"ELP","label":"ELP"},{"value":"XCOIN","label":"XCOIN"},{"value":"ROI","label":"ROI"},{"value":"BTCP","label":"BTCP"},{"value":"DNR","label":"DNR"},{"value":"RVN","label":"RVN"},{"value":"VIVO","label":"VIVO"},{"value":"KNG","label":"KNG"},{"value":"UFO","label":"UFO"},{"value":"KREDS","label":"KREDS"},{"value":"XSG","label":"XSG"},{"value":"ZEL","label":"ZEL"},{"value":"OOT","label":"OOT"},{"value":"PIVX","label":"PIVX"},{"value":"HTML","label":"HTML"},{"value":"MNX","label":"MNX"},{"value":"LTZ","label":"LTZ"},{"value":"MLM","label":"MLM"},{"value":"BAY","label":"BAY"},{"value":"CRC","label":"CRC"},{"value":"ZOI","label":"ZOI"},{"value":"PIZZA","label":"PIZZA"},{"value":"BEER","label":"BEER"},{"value":"GRS","label":"GRS"},{"value":"VOT","label":"VOT"},{"value":"XMCC","label":"XMCC"},{"value":"ABY","label":"ABY"},{"value":"BTCH","label":"BTCH"},{"value":"ETOMIC","label":"ETOMIC"},{"value":"AXO","label":"AXO"},{"value":"INN","label":"INN"},{"value":"MOON","label":"MOON"},{"value":"CRW","label":"CRW"},{"value":"EFL","label":"EFL"},{"value":"GBX","label":"GBX"},{"value":"BCO","label":"BCO"},{"value":"XZC","label":"XZC"},{"value":"BTG","label":"BTG"},{"value":"BLK","label":"BLK"},{"value":"BCH","label":"BCH"},{"value":"QTUM","label":"QTUM"},{"value":"PGN","label":"PGN"},{"value":"PURA","label":"PURA"},{"value":"DSR","label":"DSR"},{"value":"MNZ","label":"MNZ"},{"value":"BTCZ","label":"BTCZ"},{"value":"MAGA","label":"MAGA"},{"value":"BSD","label":"BSD"},{"value":"IOP","label":"IOP"},{"value":"BLOCK","label":"BLOCK"},{"value":"CHIPS","label":"CHIPS"},{"value":"888","label":"888"},{"value":"ARG","label":"ARG"},{"value":"GLD","label":"GLD"},{"value":"GLT","label":"GLT"},{"value":"ZER","label":"ZER"},{"value":"HODLC","label":"HODLC"},{"value":"UIS","label":"UIS"},{"value":"HUC","label":"HUC"},{"value":"BDL","label":"BDL"},{"value":"ARC","label":"ARC"},{"value":"ZCL","label":"ZCL"},{"value":"VIA","label":"VIA"},{"value":"ERC","label":"ERC"},{"value":"FAIR","label":"FAIR"},{"value":"FLO","label":"FLO"},{"value":"SXC","label":"SXC"},{"value":"CREA","label":"CREA"},{"value":"TRC","label":"TRC"},{"value":"BTA","label":"BTA"},{"value":"SMC","label":"SMC"},{"value":"NMC","label":"NMC"},{"value":"NAV","label":"NAV"},{"value":"EMC2","label":"EMC2"},{"value":"SYS","label":"SYS"},{"value":"I0C","label":"I0C"},{"value":"DASH","label":"DASH"},{"value":"STRAT","label":"STRAT"},{"value":"MUE","label":"MUE"},{"value":"MONA","label":"MONA"},{"value":"XMY","label":"XMY"},{"value":"MAC","label":"MAC"},{"value":"BTX","label":"BTX"},{"value":"XRE","label":"XRE"},{"value":"LBC","label":"LBC"},{"value":"SIB","label":"SIB"},{"value":"VTC","label":"VTC"},{"value":"REVS","label":"REVS"},{"value":"VRSC","label":"VRSC"},{"value":"ZILLA","label":"ZILLA"},{"value":"JUMBLR","label":"JUMBLR"},{"value":"DOGE","label":"DOGE"},{"value":"HUSH","label":"HUSH"},{"value":"ZEC","label":"ZEC"},{"value":"DGB","label":"DGB"},{"value":"ZET","label":"ZET"},{"value":"GAME","label":"GAME"},{"value":"LTC","label":"LTC"},{"value":"SUPERNET","label":"SUPERNET"},{"value":"WLC","label":"WLC"},{"value":"PANGEA","label":"PANGEA"},{"value":"DEX","label":"DEX"},{"value":"DSEC","label":"DSEC"},{"value":"BET","label":"BET"},{"value":"CRYPTO","label":"CRYPTO"},{"value":"HODL","label":"HODL"},{"value":"MSHARK","label":"MSHARK"},{"value":"BOTS","label":"BOTS"},{"value":"MGW","label":"MGW"},{"value":"COQUI","label":"COQUI"},{"value":"KV","label":"KV"},{"value":"CEAL","label":"CEAL"},{"value":"MESH","label":"MESH"},{"value":"ROGER","label":"ROGER"},{"value":"STAK","label":"STAK"},{"value":"IMG","label":"IMG"},{"value":"CALL","label":"CALL"},{"value":"OCALL","label":"OCALL"},{"value":"CALLG","label":"CALLG"}]