[{"coin":"BTC","name":"bitcoin"},{"coin":"KMD","name":"komodo"},{"coin":"GLXT","asset":"GLXT","rpcport":15723}, {"coin":"PYRO","name":"pyro","confpath":"${HOME#}/.pyrocore/pyro.conf","rpcport":9696,"pubtype":55,"p2shtype":10,"wiftype":198,"txfee":10000}, {"coin": "BNTN","asset": "BNTN","rpcport": 14358},{"coin":"ORE","name":"galactrum","rpcport":6269,"pubtype":38,"p2shtype":16,"wiftype":204,"txfee":10000}, {"coin":"ELD","name":"maker","etomic":"0xaaf7d4cd097317d68174215395eb02c2cca81e31","rpcport":80}, {"coin":"CENNZ","name":"centrality","etomic":"0x1122b6a0e00dce0563082b6e2953f3a943855c1f","rpcport":80}, {"coin":"PGN","name":"pigeon","rpcport":8756,"pubtype":55,"p2shtype":122,"wiftype":128,"txfee":10000}, {"coin":"XCG","name":"Xchange","confpath":"${HOME#}/.Xchangecore/Xchange.conf","rpcport":9386,"pubtype":76,"p2shtype":16,"wiftype":204,"txfee":10000}, {"coin":"AXE","name":"axe","confpath":"${HOME#}/.axecore/axe.conf","rpcport":9337,"pubtype":55,"p2shtype":16,"wiftype":204,"txfee":10000}, {"coin":"PEW","name":"brofist","rpcport":12454,"pubtype":55,"p2shtype":10,"wiftype":198,"txfee":10000,"confpath":"${HOME#}/.brofistcore/brofist.conf"}, {"coin":"BCBC","name":"bitcoin@cbc","confpath":"${HOME#}/.bitcoin@cbc/bitcoin.conf","rpcport":8340,"pubtype":0,"p2shtype":5,"wiftype":128,"txfee":10000}, {"coin":"GRLC","name":"garlicoin","rpcport":42068,"pubtype":38,"p2shtype":5,"wiftype":176,"txfee":100000}, {"coin":"EQL","asset":"EQL","rpcport":10306}, {"coin":"OCC","name":"originalcryptocoin","etomic":"0x0235fe624e044a05eed7a43e16e3083bc8a4287a","rpcport":80}, {"coin":"DIN","name":"dinero","rpcport":9998,"pubtype":30,"p2shtype":13,"wiftype":204,"txfee":10000,"confpath":"${HOME#}/.dinerocore/dinero.conf"}, {"coin":"BUCK","name":"buck","rpcport":5739,"taddr":28,"pubtype":184,"p2shtype":189,"wiftype":128,"txfee":10000}, {"coin":"LYS","name":"lightyears","etomic":"0xdd41fbd1ae95c5d9b198174a28e04be6b3d1aa27","rpcport":80}, {"coin":"RAP","name":"rapture","rpcport":14776,"pubtype":60,"p2shtype":16,"wiftype":204,"txfee":10000,"confpath":"${HOME#}/.rapturecore/rapture.conf"}, {"coin":"RADIUS","name":"radius","rpcport":4089,"pubtype":60,"p2shtype":16,"wiftype":15,"txfee":10000,"confpath":"${HOME#}/.radiuscore/radius.conf"},{"coin":"BTCL","name":"btclite","etomic":"0x5acd19b9c91e596b1f062f18e3d02da7ed8d1e50","rpcport":80}, {"coin":"SEQ","name":"sequence","rpcport":16663,"isPoS":1,"pubtype":63,"p2shtype":64,"wiftype":170,"txfee":10000}, {"coin":"DYN","name":"dynamic","rpcport":33350,"pubtype":30,"p2shtype":10,"wiftype":140,"txfee":10000}, {"coin":"SBTC","name":"SuperBitcoin","rpcport":28282,"pubtype":0,"p2shtype":5,"wiftype":128,"txfee":10000,"confpath":"${HOME#}/.sbtc/sbtc.conf"}, {"coin":"FJC","name":"fujicoin","rpcport":3776,"pubtype":36,"p2shtype":16,"wiftype":164,"txfee":100000}, {"coin":"AIR","name":"airtoken","etomic":"0x27dce1ec4d3f72c3e457cc50354f1f975ddef488","rpcport":80}, {"coin":"VRT","name":"virtus","confpath":"${HOME#}/.virtuscore/virtus.conf","rpcport":13880,"pubtype":70,"p2shtype":16,"wiftype":204,"txfee":10000}, {"coin":"DRT","name":"domraider","etomic":"0x9af4f26941677c706cfecf6d3379ff01bb85d5ab","rpcport":80}, {"coin":"BITS","name":"bitstar","rpcport":15715,"isPoS":1,"pubtype":25,"p2shtype":8,"wiftype":153,"txfee":10000}, {"coin":"FTC","name":"feathercoin","rpcport":9337,"pubtype":14,"p2shtype":5,"wiftype":142,"txfee":1000000}, {"coin":"PXT","name":"populous-xbrl-token","etomic":"0xc14830e53aa344e8c14603a91229a0b925b0b262","rpcport":80}, {"coin":"USDT","name":"tether","etomic":"0xdac17f958d2ee523a2206206994597c13d831ec7","rpcport":80}, {"coin":"ELI","name":"elicoin","rpcport":9332,"pubtype":33,"p2shtype":102,"wiftype":205,"txfee":10000}, {"coin":"SCRIV","name":"scriv","confpath":"${HOME#}/.scrivcore/scriv.conf","rpcport":7998,"pubtype":125,"p2shtype":16,"wiftype":204,"txfee":10000}, {"coin":"ELP","name":"ellerium","rpcport":61020,"pubtype":23,"p2shtype":13,"wiftype":212,"txfee":10000}, {"coin":"ROI","name":"ROIcoin","rpcport":3376,"pubtype":60,"p2shtype":122,"wiftype":128,"txfee":10000}, {"coin":"XCOIN","name":"xcoin","rpcport":22717,"pubtype":137,"p2shtype":15,"wiftype":75,"txfee":100000}, {"coin":"BBT","name":"bitboost","etomic":"0x1500205f50bf3fd976466d0662905c9ff254fc9c","rpcport":80}, {"coin":"TRX","name":"tron","etomic":"0xf230b790e05390fc8295f4d3f60332c93bed42e2","rpcport":80}, {"coin":"OMG","name":"omisego","etomic":"0xd26114cd6EE289AccF82350c8d8487fedB8A0C07","rpcport":80}, {"coin":"ICX","name":"icon","etomic":"0xb5a5f22694352c15b00323844ad545abb2b11028","rpcport":80}, {"coin":"BNB","name":"binance-coin","etomic":"0xB8c77482e45F1F44dE1745F52C74426C631bDD52","rpcport":80}, {"coin":"DGD","name":"digixdao","etomic":"0xE0B7927c4aF23765Cb51314A0E0521A9645F0E2A","rpcport":80}, {"coin":"PPT","name":"populous","etomic":"0xd4fa1460F537bb9085d22C7bcCB5DD450Ef28e3a","rpcport":80}, {"coin":"MKR","name":"maker","etomic":"0x9f8F72aA9304c8B593d555F12eF6589cC3A579A2","rpcport":80}, {"coin":"SNT","name":"status","etomic":"0x744d70FDBE2Ba4CF95131626614a1763DF805B9E","rpcport":80}, {"coin":"REP","name":"augur","etomic":"0xE94327D07Fc17907b4DB788E5aDf2ed424adDff6","rpcport":80}, {"coin":"ZRX","name":"0x","etomic":"0xE41d2489571d322189246DaFA5ebDe1F4699F498","rpcport":80}, {"coin":"BAT","name":"basic-attention-token","etomic":"0x0D8775F648430679A709E98d2b0Cb6250d2887EF","rpcport":80}, {"coin":"GNT","name":"golem","etomic":"0xa74476443119A942dE498590Fe1f2454d7D4aC0d","rpcport":80}, {"coin":"ETHOS","name":"ethos","etomic":"0x5Af2Be193a6ABCa9c8817001F45744777Db30756","rpcport":80}, {"coin":"QASH","name":"qash","etomic":"0x618E75Ac90b12c6049Ba3b27f5d5F8651b0037F6","rpcport":80}, {"coin":"FUN","name":"funfair","etomic":"0x419D0d8BdD9aF5e606Ae2232ed285Aff190E711b","rpcport":80}, {"coin":"KNC","name":"kyber-network","etomic":"0xdd974D5C2e2928deA5F71b9825b8b646686BD200","rpcport":80}, {"coin":"SALT","name":"salt","etomic":"0x4156D3342D5c385a87D264F90653733592000581","rpcport":80}, {"coin":"BNT","name":"bancor","etomic":"0x1F573D6Fb3F13d689FF844B4cE37794d79a7FF1C","rpcport":80}, {"coin":"ICN","name":"iconomi","etomic":"0x888666CA69E0f178DED6D75b5726Cee99A87D698","rpcport":80}, {"coin":"PAY","name":"tenx","etomic":"0xB97048628DB6B661D4C2aA833e95Dbe1A905B280","rpcport":80}, {"coin":"REQ","name":"request-network","etomic":"0x8f8221aFbB33998d8584A2B05749bA73c37a938a","rpcport":80}, {"coin":"STORJ","name":"storj","etomic":"0xB64ef51C888972c908CFacf59B47C1AfBC0Ab8aC","rpcport":80}, {"coin":"GNO","name":"gnosis-gno","etomic":"0x6810e776880C02933D47DB1b9fc05908e5386b96","rpcport":80}, {"coin":"RLC","name":"rlc","etomic":"0x607F4C5BB672230e8672085532f7e901544a7375","rpcport":80}, {"coin":"ENJ","name":"enjin-coin","etomic":"0xF629cBd94d3791C9250152BD8dfBDF380E2a3B9c","rpcport":80}, {"coin":"QSP","name":"quantstamp","etomic":"0x99ea4dB9EE77ACD40B119BD1dC4E33e1C070b80d","rpcport":80}, {"coin":"RDN","name":"raiden-network-token","etomic":"0x255Aa6DF07540Cb5d3d297f0D0D4D84cb52bc8e6","rpcport":80}, {"coin":"CVC","name":"civic","etomic":"0x41e5560054824eA6B0732E656E3Ad64E20e94E45","rpcport":80}, {"coin":"SAN","name":"santiment","etomic":"0x7C5A0CE9267ED19B22F8cae653F198e3E8daf098","rpcport":80}, {"coin":"ANT","name":"aragon","etomic":"0x960b236A07cf122663c4303350609A66A7B288C0","rpcport":80}, {"coin":"MANA","name":"decentraland","etomic":"0x0F5D2fB29fb7d3CFeE444a200298f468908cC942","rpcport":80}, {"coin":"MCO","name":"monaco","etomic":"0xB63B606Ac810a52cCa15e44bB630fd42D8d1d83d","rpcport":80}, {"coin":"MTL","name":"metal","etomic":"0xF433089366899D83a9f26A773D59ec7eCF30355e","rpcport":80}, {"coin":"EDG","name":"edgeless","etomic":"0x08711D3B02C8758F2FB3ab4e80228418a7F8e39c","rpcport":80}, {"coin":"MLN","name":"melon","etomic":"0xBEB9eF514a379B997e0798FDcC901Ee474B6D9A1","rpcport":80}, {"coin":"AMB","name":"amber","etomic":"0x4DC3643DbC642b72C158E7F3d2ff232df61cb6CE","rpcport":80}, {"coin":"WINGS","name":"wings","etomic":"0x667088b212ce3d06a1b553a7221E1fD19000d9aF","rpcport":80}, {"coin":"RCN","name":"ripio-credit-network","etomic":"0xF970b8E36e23F7fC3FD752EeA86f8Be8D83375A6","rpcport":80}, {"coin":"SNGLS","name":"singulardtv","etomic":"0xaeC2E87E0A235266D9C5ADc9DEb4b2E29b54D009","rpcport":80}, {"coin":"TAAS","name":"taas","etomic":"0xE7775A6e9Bcf904eb39DA2b68c5efb4F9360e08C","rpcport":80}, {"coin":"DNT","name":"district0x","etomic":"0x0AbdAce70D3790235af448C88547603b945604ea","rpcport":80}, {"coin":"CFI","name":"cofound-it","etomic":"0x12FEF5e57bF45873Cd9B62E9DBd7BFb99e32D73e","rpcport":80}, {"coin":"LUN","name":"lunyr","etomic":"0xfa05A73FfE78ef8f1a739473e462c54bae6567D9","rpcport":80}, {"coin":"ADT","name":"adtoken","etomic":"0xD0D6D6C5Fe4a677D343cC433536BB717bAe167dD","rpcport":80}, {"coin":"AST","name":"airswap","etomic":"0x27054b13b1B798B345b591a4d22e6562d47eA75a","rpcport":80}, {"coin":"CDT","name":"blox","etomic":"0x177d39AC676ED1C67A2b268AD7F1E58826E5B0af","rpcport":80}, {"coin":"TKN","name":"tokencard","etomic":"0xaAAf91D9b90dF800Df4F55c205fd6989c977E73a","rpcport":80}, {"coin":"HMQ","name":"humaniq","etomic":"0xcbCC0F036ED4788F63FC0fEE32873d6A7487b908","rpcport":80}, {"coin":"BCAP","name":"bcap","etomic":"0xFf3519eeeEA3e76F1F699CCcE5E23ee0bdDa41aC","rpcport":80}, {"coin":"NMR","name":"numeraire","etomic":"0x1776e1F26f98b1A5dF9cD347953a26dd3Cb46671","rpcport":80}, {"coin":"NET","name":"nimiq","etomic":"0xcfb98637bcae43C13323EAa1731cED2B716962fD","rpcport":80}, {"coin":"TRST","name":"trust","etomic":"0xCb94be6f13A1182E4A4B6140cb7bf2025d28e41B","rpcport":80}, {"coin":"GUP","name":"guppy","etomic":"0xf7B098298f7C69Fc14610bf71d5e02c60792894C","rpcport":80}, {"coin":"1ST","name":"firstblood","etomic":"0xAf30D2a7E90d7DC361c8C4585e9BB7D2F6f15bc7","rpcport":80}, {"coin":"TIME","name":"chronobank","etomic":"0x6531f133e6DeeBe7F2dcE5A0441aA7ef330B4e53","rpcport":80}, {"coin":"SWT","name":"swarm-city","etomic":"0xB9e7F8568e08d5659f5D29C4997173d84CdF2607","rpcport":80}, {"coin":"ROL","name":"dice","etomic":"0x2e071D2966Aa7D8dECB1005885bA1977D6038A65","rpcport":80}, {"coin":"XAUR","name":"xaurum","etomic":"0x4DF812F6064def1e5e029f1ca858777CC98D2D81","rpcport":80}, {"coin":"PLU","name":"pluton","etomic":"0xD8912C10681D8B21Fd3742244f44658dBA12264E","rpcport":80}, {"coin":"HGT","name":"hellogold","etomic":"0xba2184520A1cC49a6159c57e61E1844E085615B6","rpcport":80}, {"coin":"VSL","name":"vslice","etomic":"0x5c543e7AE0A1104f78406C340E9C64FD9fCE5170","rpcport":80}, {"coin":"IND","name":"indorse-token","etomic":"0xf8e386EDa857484f5a12e4B5DAa9984E06E73705","rpcport":80}, {"coin":"FYN","name":"fundyourselfnow","etomic":"0x88FCFBc22C6d3dBaa25aF478C578978339BDe77a","rpcport":80},{"coin":"SMART","name":"smartcash","rpcport":9679,"pubtype":63,"p2shtype":18,"wiftype":191,"txfee":200000}, {"coin":"BTCP","name":"btcprivate","rpcport":7932,"taddr":19,"pubtype":37,"p2shtype":175,"wiftype":128,"txfee":10000}, {"coin":"DNR","isPoS":1,"active":1,"name":"denarius","rpcport":32339,"pubtype":30,"p2shtype":90,"wiftype":158,"txfee":10000}, {"coin":"RVN","name":"raven","rpcport":8766,"pubtype":60,"p2shtype":122,"wiftype":128,"txfee":100000}, {"coin":"VIVO","name":"vivo","confpath":"${HOME#}/.vivocore/vivo.conf","rpcport":9998,"pubtype":70,"p2shtype":10,"wiftype":198,"txfee":10000}, {"coin":"KNG","name":"kings","rpcport":44888,"pubtype":75,"p2shtype":125,"wiftype":203,"txfee":10000}, {"coin":"UFO","name":"ufocoin","confpath":"${HOME#}/.ufo/ufocoin.conf","rpcport":9888,"pubtype":27,"p2shtype":5,"wiftype":155,"txfee":100000}, {"coin":"ETH","name":"ethereum","etomic":"0x0000000000000000000000000000000000000000","rpcport":80}, {"coin":"EOS","name":"EOS","etomic":"0x86fa049857e0209aa7d9e616f7eb3b3b78ecfdb0","rpcport":80}, {"coin":"KREDS","name":"kreds","rpcport":3850,"pubtype":45,"p2shtype":5,"wiftype":195,"txfee":10000}, {"coin":"SNG","name":"snowgem","rpcport":16112,"taddr":28,"pubtype":40,"p2shtype":45,"wiftype":128,"txfee":10000}, {"coin":"ZEL","name":"zelcash","rpcport":16124,"taddr":28,"pubtype":184,"p2shtype":189,"wiftype":128,"txfee":10000}, {"coin":"PIVX","name":"pivx","rpcport":51473,"pubtype":30,"p2shtype":13,"wiftype":212,"txfee":10000}, {"coin":"HTML","name":"htmlcoin","rpcport":4889,"pubtype":41,"p2shtype":100,"wiftype":169,"txfee":400000}, {"coin":"MNX","name":"Minexcoin","rpcport":17786,"pubtype":75,"p2shtype":5,"wiftype":128,"txfee":10000}, {"coin":"LTZ","name":"litecoinz","rpcport":29332,"taddr":10,"pubtype":179,"p2shtype":184,"wiftype":128,"txfee":1000}, {"coin":"BAY","name":"bitbay","isPoS":1,"rpcport":19915,"pubtype":25,"p2shtype":85,"wiftype":153,"txfee":10000}, {"coin":"OOT","asset":"OOT","rpcport":12467}, {"coin":"ZOI","name":"zoin","rpcport":8255,"pubtype":80,"p2shtype":7,"wiftype":208,"txfee":1000}, {"coin": "PIZZA","asset": "PIZZA","rpcport": 11116},{"coin": "BEER","asset": "BEER","rpcport": 8923}, {"coin":"GRS","name":"groestlcoin","rpcport":1441,"pubtype":36,"p2shtype":5,"wiftype":128,"txfee":10000}, {"coin":"XMCC","name":"monoeci","confpath":"${HOME#}/.monoeciCore/monoeci.conf","rpcport":24156,"pubtype":50,"p2shtype":73,"wiftype":77,"txfee":10000}, {"coin":"BTCH","asset":"BTCH","rpcport":8800},{"coin":"ETOMIC","asset":"ETOMIC","rpcport":10271},{"coin":"AXO","asset":"AXO","rpcport":12927},{"coin":"CRC","name":"crowdcoin","confpath":"${HOME#}/.crowdcoincore/crowdcoin.conf","rpcport":11998,"pubtype":28,"p2shtype":88,"wiftype":0,"txfee":10000}, {"coin":"VOT","name":"votecoin","rpcport":8232,"taddr":28,"pubtype":184,"p2shtype":189,"wiftype":128,"txfee":10000}, {"coin":"INN","name":"innova","confpath":"${HOME#}/.innovacore/innova.conf","rpcport":8818,"pubtype":102,"p2shtype":20,"wiftype":195,"txfee":10000}, {"coin":"MOON","name":"mooncoin","rpcport":44663,"pubtype":3,"p2shtype":22,"wiftype":131,"txfee":100000}, {"coin":"CRW","name":"crown","rpcport":9341,"pubtype":0,"p2shtype":28,"wiftype":128,"txfee":10000}, {"coin":"EFL","name":"egulden","confpath":"${HOME#}/.egulden/coin.conf","rpcport":21015,"pubtype":48,"p2shtype":5,"wiftype":176,"txfee":100000}, {"coin":"GBX","name":"gobyte","confpath":"${HOME#}/.gobytecore/gobyte.conf","rpcport":12454,"pubtype":38,"p2shtype":10,"wiftype":198,"txfee":10000}, {"coin":"BCO","name":"bridgecoin","rpcport":6332,"pubtype":27,"p2shtype":5,"wiftype":176,"txfee":100000}, {"coin":"BLK","name":"blackcoin","confpath":"${HOME#}/.lore/blackcoin.conf","isPoS":1,"rpcport":15715,"pubtype":25,"p2shtype":85,"wiftype":153,"txfee":100000}, {"coin":"BTG","name":"bitcoingold","rpcport":8332,"pubtype":38,"p2shtype":23,"wiftype":128,"txfee":10000}, {"coin":"BCH","name":"bch","rpcport":33333,"pubtype":0,"p2shtype":5,"wiftype":128,"txfee":1000}, {"coin":"ABY","name":"applebyte","rpcport":8607,"pubtype":23,"p2shtype":5,"wiftype":151,"txfee":100000}, {"coin":"STAK","name":"straks","rpcport":7574,"pubtype":63,"p2shtype":5,"wiftype":204,"txfee":10000}, {"coin":"XZC","name":"zcoin","rpcport":8888,"pubtype":82,"p2shtype":7,"wiftype":210,"txfee":10000}, {"coin":"QTUM","name":"qtum","rpcport":3889,"pubtype":58,"p2shtype":50,"wiftype":128,"txfee":400000}, {"coin":"PURA","name":"pura","rpcport":55555,"pubtype":55,"p2shtype":16,"wiftype":150,"txfee":10000}, {"coin":"DSR","name":"desire","confpath":"${HOME#}/.desirecore/desire.conf","rpcport":9918,"pubtype":30,"p2shtype":16,"wiftype":204,"txfee":10000}, {"coin":"MNZ","asset":"MNZ","rpcport":14337},{"coin":"BTCZ","name":"bitcoinz","rpcport":1979,"taddr":28,"pubtype":184,"p2shtype":189,"wiftype":128,"txfee":10000}, {"coin":"MAGA","name":"magacoin","rpcport":5332,"pubtype":23,"p2shtype":50,"wiftype":176,"txfee":100000}, {"coin":"BSD","name":"bitsend","rpcport":8800,"pubtype":102,"p2shtype":5,"wiftype":204,"txfee":10000}, {"coin":"IOP","name":"IoP","rpcport":8337,"pubtype":117,"p2shtype":174,"wiftype":49,"txfee":10000}, {"coin":"BLOCK","name":"blocknetdx","rpcport":41414,"pubtype":26,"p2shtype":28,"wiftype":154,"txfee":10000}, {"coin":"CHIPS", "name": "chips", "rpcport":57776,"pubtype":60, "p2shtype":85, "wiftype":188, "txfee":10000}, {"coin":"888","name":"octocoin","rpcport":22888,"pubtype":18,"p2shtype":5,"wiftype":176,"txfee":2000000}, {"coin":"ARG","name":"argentum","rpcport":13581,"pubtype":23,"p2shtype":5,"wiftype":151,"txfee":50000}, {"coin":"GLT","name":"globaltoken","rpcport":9320,"pubtype":38,"p2shtype":5,"wiftype":166,"txfee":10000}, {"coin":"ZER","name":"zero","rpcport":23801,"taddr":28,"pubtype":184,"p2shtype":189,"wiftype":128,"txfee":1000}, {"coin":"HODLC","name":"hodlcoin","rpcport":11989,"pubtype":40,"p2shtype":5,"wiftype":168,"txfee":5000}, {"coin":"UIS","name":"unitus","rpcport":50604,"pubtype":68,"p2shtype":10,"wiftype":132,"txfee":2000000}, {"coin":"HUC","name":"huntercoin","rpcport":8399,"pubtype":40,"p2shtype":13,"wiftype":168,"txfee":100000}, {"coin":"BDL","name":"bitdeal","rpcport":9332,"pubtype":38,"p2shtype":5,"wiftype":176,"txfee":100000}, {"coin":"ARC","name":"arcticcoin","confpath":"${HOME#}/.arcticcore/arcticcoin.conf","rpcport":7208,"pubtype":23,"p2shtype":8,"wiftype":176,"txfee":10000}, {"coin":"ZCL","name":"zclassic","rpcport":8023,"taddr":28,"pubtype":184,"p2shtype":189,"wiftype":128,"txfee":1000}, {"coin":"VIA","name":"viacoin","rpcport":5222,"pubtype":71,"p2shtype":33,"wiftype":199,"txfee":100000}, {"coin":"ERC","name":"europecoin","rpcport":11989,"pubtype":33,"p2shtype":5,"wiftype":168,"txfee":10000},{"coin":"FAIR","name":"faircoin","confpath":"${HOME#}/.faircoin2/faircoin.conf","rpcport":40405,"pubtype":95,"p2shtype":36,"wiftype":223,"txfee":1000000}, {"coin":"FLO","name":"florincoin","rpcport":7313,"pubtype":35,"p2shtype":8,"wiftype":176,"txfee":100000}, {"coin":"SXC","name":"sexcoin","rpcport":9561,"pubtype":62,"p2shtype":5,"wiftype":190,"txfee":100000}, {"coin":"CREA","name":"creativecoin","rpcport":17711,"pubtype":28,"p2shtype":5,"wiftype":176,"txfee":100000}, {"coin":"TRC","name":"terracoin","confpath":"${HOME#}/.terracoincore/terracoin.conf","rpcport":13332,"pubtype":0,"p2shtype":5,"wiftype":128,"txfee":10000}, {"coin":"BTA","name":"bata","rpcport":5493,"pubtype":25,"p2shtype":5,"wiftype":188,"txfee":100000}, {"coin":"SMC","name":"smartcoin","rpcport":58583,"pubtype":63,"p2shtype":5,"wiftype":191,"txfee":1000000}, {"coin":"NMC","name":"namecoin","rpcport":8336,"pubtype":52,"p2shtype":13,"wiftype":180,"txfee":100000}, {"coin":"NAV","name":"navcoin","isPoS":1,"confpath":"${HOME#}/.navcoin4/navcoin.conf","rpcport":44444,"pubtype":53,"p2shtype":85,"wiftype":150,"txfee":10000}, {"coin":"EMC2","name":"einsteinium","rpcport":41879,"pubtype":33,"p2shtype":5,"wiftype":176,"txfee":100000},{"coin":"SYS","name":"syscoin","rpcport":8370,"pubtype":0,"p2shtype":5,"wiftype":128,"txfee":10000}, {"coin":"I0C","name":"i0coin","rpcport":7332,"pubtype":105,"p2shtype":5,"wiftype":128,"txfee":10000}, {"coin":"DASH","confpath":"${HOME#}/.dashcore/dash.conf","name":"dashcore","rpcport":9998,"pubtype":76,"p2shtype":16,"wiftype":204,"txfee":10000}, {"coin":"STRAT", "name": "stratis", "active":0, "rpcport":16174,"pubtype":63, "p2shtype":125, "wiftype":191, "txfee":10000}, {"confpath":"${HOME#}/.muecore/mue.conf","coin":"MUE","name":"muecore","rpcport":29683,"pubtype":16,"p2shtype":76,"wiftype":126,"txfee":10000}, {"coin":"MONA","name":"monacoin","rpcport":9402,"pubtype":50,"p2shtype":5,"wiftype":176,"txfee":100000},{"coin":"XMY","name":"myriadcoin","rpcport":10889,"pubtype":50,"p2shtype":9,"wiftype":178,"txfee":5000}, {"coin":"MAC","name":"machinecoin","rpcport":40332,"pubtype":50,"p2shtype":5,"wiftype":178,"txfee":100000}, {"coin":"BTX","name":"bitcore","rpcport":8556,"pubtype":0,"p2shtype":5,"wiftype":128,"txfee":50000}, {"coin":"XRE","name":"revolvercoin","rpcport":8775,"pubtype":0,"p2shtype":5,"wiftype":128,"txfee":10000}, {"coin":"LBC","name":"lbrycrd","rpcport":9245,"pubtype":85,"p2shtype":122,"wiftype":28,"txfee":10000}, {"coin":"SIB","name":"sibcoin","rpcport":1944,"pubtype":63,"p2shtype":40,"wiftype":128,"txfee":10000}, {"coin":"VTC", "name":"vertcoin", "rpcport":5888, "pubtype":71, "p2shtype":5, "wiftype":128, "txfee":100000 }, {"coin":"REVS","active":0, "asset":"REVS","rpcport":10196}, {"coin":"JUMBLR","active":0, "asset":"JUMBLR","rpcport":15106}, {"coin":"DOGE","name":"dogecoin","rpcport":22555,"pubtype":30,"p2shtype":22,"wiftype":158,"txfee":100000000}, {"coin":"HUSH","name":"hush","rpcport":8822,"taddr":28,"pubtype":184,"p2shtype":189,"wiftype":128,"txfee":1000}, {"active":0,"coin":"ZEC","name":"zcash","rpcport":8232,"taddr":28,"pubtype":184,"p2shtype":189,"wiftype":128,"txfee":10000 }, {"coin":"DGB","name":"digibyte","rpcport":14022,"pubtype":30,"p2shtype":5,"wiftype":128,"txfee":100000}, {"coin":"ZET", "name":"zetacoin", "pubtype":80, "p2shtype":9,"rpcport":8332, "wiftype":224, "txfee":10000}, {"coin":"GAME", "rpcport":40001, "name":"gamecredits", "pubtype":38, "p2shtype":5, "wiftype":166, "txfee":100000}, {"coin":"LTC", "name":"litecoin", "rpcport":9332, "pubtype":48, "p2shtype":5, "wiftype":176, "txfee":100000 }, {"coin":"SUPERNET","asset":"SUPERNET","rpcport":11341}, {"coin":"WLC","asset":"WLC","rpcport":12167}, {"coin":"PANGEA","asset":"PANGEA","rpcport":14068}, {"coin":"DEX","asset":"DEX","rpcport":11890}, {"coin":"BET","asset":"BET","rpcport":14250}, {"coin":"CRYPTO","asset":"CRYPTO","rpcport":8516}, {"coin":"HODL","asset":"HODL","rpcport":14431}, {"coin":"MSHARK","asset":"MSHARK","rpcport":8846}, {"coin":"BOTS","asset":"BOTS","rpcport":11964}, {"coin":"MGW","asset":"MGW","rpcport":12386}, {"coin":"COQUI","asset":"COQUI","rpcport":14276}, {"coin":"KV","asset":"KV","rpcport":8299}, {"coin":"CEAL","asset":"CEAL","rpcport":11116}, {"coin":"MESH","asset":"MESH","rpcport":9455}]
