[
  {
    "coin":"BTC",
    "name":"bitcoin"
  },
  {
    "coin":"KMD",
    "name":"komodo"
  },
  {
    "coin":"MLM",
    "name":"mktcoin",
    "rpcport":9276,
    "pubtype":110,
    "p2shtype":115,
    "wiftype":238,
    "txfee":10000
  },
  {
    "coin":"CRDS",
    "name":"credits",
    "rpcport":31050,
    "pubtype":28,
    "p2shtype":10,
    "wiftype":140,
    "txfee":10000
  },
  {
    "coin":"ATB",
    "name":"atbcoin",
    "confpath":"${HOME#}/.ATBCoinWallet/atbcoin.conf",
    "rpcport":8332,
    "pubtype":23,
    "p2shtype":83,
    "wiftype":128,
    "txfee":10000
  },
  {
    "coin":"HXX",
    "name":"hexxcoin",
    "rpcport":29200,
    "pubtype":40,
    "p2shtype":10,
    "wiftype":210,
    "txfee":100000
  },
  {
    "coin":"XSN",
    "name":"xsn",
    "confpath":"${HOME#}/.xsncore/xsn.conf",
    "rpcport":51473,
    "pubtype":76,
    "p2shtype":16,
    "wiftype":204,
    "txfee":10000
  },
  {
    "coin":"GLD",
    "name":"goldcoin",
    "rpcport":9332,
    "pubtype":32,
    "p2shtype":5,
    "wiftype":160,
    "txfee":100000
  },
  {
    "coin":"SPK",
    "name":"Sparks",
    "rpcport":8892,
    "pubtype":38,
    "p2shtype":10,
    "wiftype":198,
    "txfee":10000
  },
  {
    "coin":"PYRO",
    "name":"pyro",
    "confpath":"${HOME#}/.pyrocore/pyro.conf",
    "rpcport":9696,
    "pubtype":55,
    "p2shtype":10,
    "wiftype":198,
    "txfee":10000
  },
  {
    "coin":"ORE",
    "name":"galactrum",
    "rpcport":6269,
    "pubtype":38,
    "p2shtype":16,
    "wiftype":204,
    "txfee":10000
  },
  {
    "coin":"PGN",
    "name":"pigeon",
    "rpcport":8756,
    "pubtype":55,
    "p2shtype":122,
    "wiftype":128,
    "txfee":10000
  },
  {
    "coin":"XCG",
    "name":"Xchange",
    "confpath":"${HOME#}/.Xchangecore/Xchange.conf",
    "rpcport":9386,
    "pubtype":76,
    "p2shtype":16,
    "wiftype":204,
    "txfee":10000
  },
  {
    "coin":"AXE",
    "name":"axe",
    "confpath":"${HOME#}/.axecore/axe.conf",
    "rpcport":9337,
    "pubtype":55,
    "p2shtype":16,
    "wiftype":204,
    "txfee":10000
  },
  {
    "coin":"PEW",
    "name":"brofist",
    "rpcport":12454,
    "pubtype":55,
    "p2shtype":10,
    "wiftype":198,
    "txfee":10000,
    "confpath":"${HOME#}/.brofistcore/brofist.conf"
  },
  {
    "coin":"BCBC",
    "name":"bitcoin@cbc",
    "confpath":"${HOME#}/.bitcoin@cbc/bitcoin.conf",
    "rpcport":8340,
    "pubtype":0,
    "p2shtype":5,
    "wiftype":128,
    "txfee":10000
  },
  {
    "coin":"GRLC",
    "name":"garlicoin",
    "rpcport":42068,
    "pubtype":38,
    "p2shtype":5,
    "wiftype":176,
    "txfee":100000
  },
  {
    "coin":"DIN",
    "name":"dinero",
    "rpcport":9998,
    "pubtype":30,
    "p2shtype":13,
    "wiftype":204,
    "txfee":10000,
    "confpath":"${HOME#}/.dinerocore/dinero.conf"
  },
  {
    "coin":"BUCK",
    "name":"buck",
    "rpcport":5739,
    "taddr":28,
    "pubtype":184,
    "p2shtype":189,
    "wiftype":128,
    "txfee":10000
  },
  {
    "coin":"RAP",
    "name":"rapture",
    "rpcport":14776,
    "pubtype":60,
    "p2shtype":16,
    "wiftype":204,
    "txfee":10000,
    "confpath":"${HOME#}/.rapturecore/rapture.conf"
  },
  {
    "coin":"RADIUS",
    "name":"radius",
    "rpcport":4089,
    "pubtype":60,
    "p2shtype":16,
    "wiftype":15,
    "txfee":10000,
    "confpath":"${HOME#}/.radiuscore/radius.conf"
  },
  {
    "coin":"SEQ",
    "name":"sequence",
    "rpcport":16663,
    "isPoS":1,
    "pubtype":63,
    "p2shtype":64,
    "wiftype":170,
    "txfee":10000
  },
  {
    "coin":"DYN",
    "name":"dynamic",
    "rpcport":33350,
    "pubtype":30,
    "p2shtype":10,
    "wiftype":140,
    "txfee":10000
  },
  {
    "coin":"SBTC",
    "name":"SuperBitcoin",
    "rpcport":28282,
    "pubtype":0,
    "p2shtype":5,
    "wiftype":128,
    "txfee":10000,
    "confpath":"${HOME#}/.sbtc/sbtc.conf"
  },
  {
    "coin":"FJC",
    "name":"fujicoin",
    "rpcport":3776,
    "pubtype":36,
    "p2shtype":16,
    "wiftype":164,
    "txfee":100000
  },
  {
    "coin":"VRT",
    "name":"virtus",
    "confpath":"${HOME#}/.virtuscore/virtus.conf",
    "rpcport":13880,
    "pubtype":70,
    "p2shtype":16,
    "wiftype":204,
    "txfee":10000
  },
  {
    "coin":"BITS",
    "name":"bitstar",
    "rpcport":15715,
    "isPoS":1,
    "pubtype":25,
    "p2shtype":8,
    "wiftype":153,
    "txfee":10000
  },
  {
    "coin":"FTC",
    "name":"feathercoin",
    "rpcport":9337,
    "pubtype":14,
    "p2shtype":5,
    "wiftype":142,
    "txfee":1000000
  },
  {
    "coin":"ELI",
    "name":"elicoin",
    "rpcport":9332,
    "pubtype":33,
    "p2shtype":102,
    "wiftype":205,
    "txfee":10000
  },
  {
    "coin":"SCRIV",
    "name":"scriv",
    "confpath":"${HOME#}/.scrivcore/scriv.conf",
    "rpcport":7998,
    "pubtype":125,
    "p2shtype":16,
    "wiftype":204,
    "txfee":10000
  },
  {
    "coin":"ELP",
    "name":"ellerium",
    "rpcport":61020,
    "pubtype":23,
    "p2shtype":13,
    "wiftype":212,
    "txfee":10000
  },
  {
    "coin":"ROI",
    "name":"ROIcoin",
    "rpcport":3376,
    "pubtype":60,
    "p2shtype":122,
    "wiftype":128,
    "txfee":10000
  },
  {
    "coin":"XCOIN",
    "name":"xcoin",
    "rpcport":22717,
    "pubtype":137,
    "p2shtype":15,
    "wiftype":75,
    "txfee":100000
  },
  {
    "coin":"SMART",
    "name":"smartcash",
    "rpcport":9679,
    "pubtype":63,
    "p2shtype":18,
    "wiftype":191,
    "txfee":200000
  },
  {
    "coin":"BTCP",
    "name":"btcprivate",
    "rpcport":7932,
    "taddr":19,
    "pubtype":37,
    "p2shtype":175,
    "wiftype":128,
    "txfee":10000
  },
  {
    "coin":"DNR",
    "isPoS":1,
    "active":1,
    "name":"denarius",
    "rpcport":32339,
    "pubtype":30,
    "p2shtype":90,
    "wiftype":158,
    "txfee":10000
  },
  {
    "coin":"RVN",
    "name":"raven",
    "rpcport":8766,
    "pubtype":60,
    "p2shtype":122,
    "wiftype":128,
    "txfee":100000
  },
  {
    "coin":"VIVO",
    "name":"vivo",
    "confpath":"${HOME#}/.vivocore/vivo.conf",
    "rpcport":9998,
    "pubtype":70,
    "p2shtype":10,
    "wiftype":198,
    "txfee":10000
  },
  {
    "coin":"KNG",
    "name":"kings",
    "rpcport":44888,
    "pubtype":75,
    "p2shtype":125,
    "wiftype":203,
    "txfee":10000
  },
  {
    "coin":"UFO",
    "name":"ufocoin",
    "confpath":"${HOME#}/.ufo/ufocoin.conf",
    "rpcport":9888,
    "pubtype":27,
    "p2shtype":5,
    "wiftype":155,
    "txfee":100000
  },
  {
    "coin":"KREDS",
    "name":"kreds",
    "rpcport":3850,
    "pubtype":45,
    "p2shtype":5,
    "wiftype":195,
    "txfee":10000
  },
  {
    "coin":"SNG",
    "name":"snowgem",
    "rpcport":16112,
    "taddr":28,
    "pubtype":40,
    "p2shtype":45,
    "wiftype":128,
    "txfee":10000
  },
  {
    "coin":"ZEL",
    "name":"zelcash",
    "rpcport":16124,
    "taddr":28,
    "pubtype":184,
    "p2shtype":189,
    "wiftype":128,
    "txfee":10000
  },
  {
    "coin":"PIVX",
    "name":"pivx",
    "rpcport":51473,
    "pubtype":30,
    "p2shtype":13,
    "wiftype":212,
    "txfee":10000
  },
  {
    "coin":"HTML",
    "name":"htmlcoin",
    "rpcport":4889,
    "pubtype":41,
    "p2shtype":100,
    "wiftype":169,
    "txfee":400000
  },
  {
    "coin":"MNX",
    "name":"Minexcoin",
    "rpcport":17786,
    "pubtype":75,
    "p2shtype":5,
    "wiftype":128,
    "txfee":10000
  },
  {
    "coin":"LTZ",
    "name":"litecoinz",
    "rpcport":29332,
    "taddr":10,
    "pubtype":179,
    "p2shtype":184,
    "wiftype":128,
    "txfee":1000
  },
  {
    "coin":"BAY",
    "name":"bitbay",
    "isPoS":1,
    "rpcport":19915,
    "pubtype":25,
    "p2shtype":85,
    "wiftype":153,
    "txfee":10000
  },
  {
    "coin":"ZOI",
    "name":"zoin",
    "rpcport":8255,
    "pubtype":80,
    "p2shtype":7,
    "wiftype":208,
    "txfee":1000
  },
  {
    "coin":"GRS",
    "name":"groestlcoin",
    "rpcport":1441,
    "pubtype":36,
    "p2shtype":5,
    "wiftype":128,
    "txfee":10000
  },
  {
    "coin":"XMCC",
    "name":"monoeci",
    "confpath":"${HOME#}/.monoeciCore/monoeci.conf",
    "rpcport":24156,
    "pubtype":50,
    "p2shtype":73,
    "wiftype":77,
    "txfee":10000
  },
  {
    "coin":"CRC",
    "name":"crowdcoin",
    "confpath":"${HOME#}/.crowdcoincore/crowdcoin.conf",
    "rpcport":11998,
    "pubtype":28,
    "p2shtype":88,
    "wiftype":0,
    "txfee":10000
  },
  {
    "coin":"VOT",
    "name":"votecoin",
    "rpcport":8232,
    "taddr":28,
    "pubtype":184,
    "p2shtype":189,
    "wiftype":128,
    "txfee":10000
  },
  {
    "coin":"INN",
    "name":"innova",
    "confpath":"${HOME#}/.innovacore/innova.conf",
    "rpcport":8818,
    "pubtype":102,
    "p2shtype":20,
    "wiftype":195,
    "txfee":10000
  },
  {
    "coin":"MOON",
    "name":"mooncoin",
    "rpcport":44663,
    "pubtype":3,
    "p2shtype":22,
    "wiftype":131,
    "txfee":100000
  },
  {
    "coin":"CRW",
    "name":"crown",
    "rpcport":9341,
    "pubtype":0,
    "p2shtype":28,
    "wiftype":128,
    "txfee":10000
  },
  {
    "coin":"EFL",
    "name":"egulden",
    "confpath":"${HOME#}/.egulden/coin.conf",
    "rpcport":21015,
    "pubtype":48,
    "p2shtype":5,
    "wiftype":176,
    "txfee":100000
  },
  {
    "coin":"GBX",
    "name":"gobyte",
    "confpath":"${HOME#}/.gobytecore/gobyte.conf",
    "rpcport":12454,
    "pubtype":38,
    "p2shtype":10,
    "wiftype":198,
    "txfee":10000
  },
  {
    "coin":"BCO",
    "name":"bridgecoin",
    "rpcport":6332,
    "pubtype":27,
    "p2shtype":5,
    "wiftype":176,
    "txfee":100000
  },
  {
    "coin":"BLK",
    "name":"blackcoin",
    "confpath":"${HOME#}/.lore/blackcoin.conf",
    "isPoS":1,
    "rpcport":15715,
    "pubtype":25,
    "p2shtype":85,
    "wiftype":153,
    "txfee":100000
  },
  {
    "coin":"BTG",
    "name":"bitcoingold",
    "rpcport":8332,
    "pubtype":38,
    "p2shtype":23,
    "wiftype":128,
    "txfee":10000
  },
  {
    "coin":"BCH",
    "name":"bch",
    "rpcport":33333,
    "pubtype":0,
    "p2shtype":5,
    "wiftype":128,
    "txfee":1000
  },
  {
    "coin":"ABY",
    "name":"applebyte",
    "rpcport":8607,
    "pubtype":23,
    "p2shtype":5,
    "wiftype":151,
    "txfee":100000
  },
  {
    "coin":"STAK",
    "name":"straks",
    "rpcport":7574,
    "pubtype":63,
    "p2shtype":5,
    "wiftype":204,
    "txfee":10000
  },
  {
    "coin":"XZC",
    "name":"zcoin",
    "rpcport":8888,
    "pubtype":82,
    "p2shtype":7,
    "wiftype":210,
    "txfee":10000
  },
  {
    "coin":"QTUM",
    "name":"qtum",
    "rpcport":3889,
    "pubtype":58,
    "p2shtype":50,
    "wiftype":128,
    "txfee":400000
  },
  {
    "coin":"PURA",
    "name":"pura",
    "rpcport":55555,
    "pubtype":55,
    "p2shtype":16,
    "wiftype":150,
    "txfee":10000
  },
  {
    "coin":"DSR",
    "name":"desire",
    "confpath":"${HOME#}/.desirecore/desire.conf",
    "rpcport":9918,
    "pubtype":30,
    "p2shtype":16,
    "wiftype":204,
    "txfee":10000
  },
  {
    "coin":"BTCZ",
    "name":"bitcoinz",
    "rpcport":1979,
    "taddr":28,
    "pubtype":184,
    "p2shtype":189,
    "wiftype":128,
    "txfee":10000
  },
  {
    "coin":"MAGA",
    "name":"magacoin",
    "rpcport":5332,
    "pubtype":23,
    "p2shtype":50,
    "wiftype":176,
    "txfee":100000
  },
  {
    "coin":"BSD",
    "name":"bitsend",
    "rpcport":8800,
    "pubtype":102,
    "p2shtype":5,
    "wiftype":204,
    "txfee":10000
  },
  {
    "coin":"IOP",
    "name":"IoP",
    "rpcport":8337,
    "pubtype":117,
    "p2shtype":174,
    "wiftype":49,
    "txfee":10000
  },
  {
    "coin":"BLOCK",
    "name":"blocknetdx",
    "rpcport":41414,
    "pubtype":26,
    "p2shtype":28,
    "wiftype":154,
    "txfee":10000
  },
  {
    "coin":"888",
    "name":"octocoin",
    "rpcport":22888,
    "pubtype":18,
    "p2shtype":5,
    "wiftype":176,
    "txfee":2000000
  },
  {
    "coin":"ARG",
    "name":"argentum",
    "rpcport":13581,
    "pubtype":23,
    "p2shtype":5,
    "wiftype":151,
    "txfee":50000
  },
  {
    "coin":"GLT",
    "name":"globaltoken",
    "rpcport":9320,
    "pubtype":38,
    "p2shtype":5,
    "wiftype":166,
    "txfee":10000
  },
  {
    "coin":"ZER",
    "name":"zero",
    "rpcport":23801,
    "taddr":28,
    "pubtype":184,
    "p2shtype":189,
    "wiftype":128,
    "txfee":1000
  },
  {
    "coin":"HODLC",
    "name":"hodlcoin",
    "rpcport":11989,
    "pubtype":40,
    "p2shtype":5,
    "wiftype":168,
    "txfee":5000
  },
  {
    "coin":"UIS",
    "name":"unitus",
    "rpcport":50604,
    "pubtype":68,
    "p2shtype":10,
    "wiftype":132,
    "txfee":2000000
  },
  {
    "coin":"HUC",
    "name":"huntercoin",
    "rpcport":8399,
    "pubtype":40,
    "p2shtype":13,
    "wiftype":168,
    "txfee":100000
  },
  {
    "coin":"BDL",
    "name":"bitdeal",
    "rpcport":9332,
    "pubtype":38,
    "p2shtype":5,
    "wiftype":176,
    "txfee":100000
  },
  {
    "coin":"ARC",
    "name":"arcticcoin",
    "confpath":"${HOME#}/.arcticcore/arcticcoin.conf",
    "rpcport":7208,
    "pubtype":23,
    "p2shtype":8,
    "wiftype":176,
    "txfee":10000
  },
  {
    "coin":"ZCL",
    "name":"zclassic",
    "rpcport":8023,
    "taddr":28,
    "pubtype":184,
    "p2shtype":189,
    "wiftype":128,
    "txfee":1000
  },
  {
    "coin":"VIA",
    "name":"viacoin",
    "rpcport":5222,
    "pubtype":71,
    "p2shtype":33,
    "wiftype":199,
    "txfee":100000
  },
  {
    "coin":"ERC",
    "name":"europecoin",
    "rpcport":11989,
    "pubtype":33,
    "p2shtype":5,
    "wiftype":168,
    "txfee":10000
  },
  {
    "coin":"FAIR",
    "name":"faircoin",
    "confpath":"${HOME#}/.faircoin2/faircoin.conf",
    "rpcport":40405,
    "pubtype":95,
    "p2shtype":36,
    "wiftype":223,
    "txfee":1000000
  },
  {
    "coin":"FLO",
    "name":"florincoin",
    "rpcport":7313,
    "pubtype":35,
    "p2shtype":8,
    "wiftype":176,
    "txfee":100000
  },
  {
    "coin":"SXC",
    "name":"sexcoin",
    "rpcport":9561,
    "pubtype":62,
    "p2shtype":5,
    "wiftype":190,
    "txfee":100000
  },
  {
    "coin":"CREA",
    "name":"creativecoin",
    "rpcport":17711,
    "pubtype":28,
    "p2shtype":5,
    "wiftype":176,
    "txfee":100000
  },
  {
    "coin":"TRC",
    "name":"terracoin",
    "confpath":"${HOME#}/.terracoincore/terracoin.conf",
    "rpcport":13332,
    "pubtype":0,
    "p2shtype":5,
    "wiftype":128,
    "txfee":10000
  },
  {
    "coin":"BTA",
    "name":"bata",
    "rpcport":5493,
    "pubtype":25,
    "p2shtype":5,
    "wiftype":188,
    "txfee":100000
  },
  {
    "coin":"SMC",
    "name":"smartcoin",
    "rpcport":58583,
    "pubtype":63,
    "p2shtype":5,
    "wiftype":191,
    "txfee":1000000
  },
  {
    "coin":"NMC",
    "name":"namecoin",
    "rpcport":8336,
    "pubtype":52,
    "p2shtype":13,
    "wiftype":180,
    "txfee":100000
  },
  {
    "coin":"NAV",
    "name":"navcoin",
    "isPoS":1,
    "confpath":"${HOME#}/.navcoin4/navcoin.conf",
    "rpcport":44444,
    "pubtype":53,
    "p2shtype":85,
    "wiftype":150,
    "txfee":10000
  },
  {
    "coin":"EMC2",
    "name":"einsteinium",
    "rpcport":41879,
    "pubtype":33,
    "p2shtype":5,
    "wiftype":176,
    "txfee":100000
  },
  {
    "coin":"SYS",
    "name":"syscoin",
    "rpcport":8370,
    "pubtype":0,
    "p2shtype":5,
    "wiftype":128,
    "txfee":10000
  },
  {
    "coin":"I0C",
    "name":"i0coin",
    "rpcport":7332,
    "pubtype":105,
    "p2shtype":5,
    "wiftype":128,
    "txfee":10000
  },
  {
    "coin":"DASH",
    "confpath":"${HOME#}/.dashcore/dash.conf",
    "name":"dashcore",
    "rpcport":9998,
    "pubtype":76,
    "p2shtype":16,
    "wiftype":204,
    "txfee":10000
  },
  {
    "coin":"STRAT",
    "name":"stratis",
    "active":0,
    "rpcport":16174,
    "pubtype":63,
    "p2shtype":125,
    "wiftype":191,
    "txfee":10000
  },
  {
    "confpath":"${HOME#}/.muecore/mue.conf",
    "coin":"MUE",
    "name":"muecore",
    "rpcport":29683,
    "pubtype":16,
    "p2shtype":76,
    "wiftype":126,
    "txfee":10000
  },
  {
    "coin":"MONA",
    "name":"monacoin",
    "rpcport":9402,
    "pubtype":50,
    "p2shtype":5,
    "wiftype":176,
    "txfee":100000
  },
  {
    "coin":"XMY",
    "name":"myriadcoin",
    "rpcport":10889,
    "pubtype":50,
    "p2shtype":9,
    "wiftype":178,
    "txfee":5000
  },
  {
    "coin":"MAC",
    "name":"machinecoin",
    "rpcport":40332,
    "pubtype":50,
    "p2shtype":5,
    "wiftype":178,
    "txfee":100000
  },
  {
    "coin":"BTX",
    "name":"bitcore",
    "rpcport":8556,
    "pubtype":0,
    "p2shtype":5,
    "wiftype":128,
    "txfee":50000
  },
  {
    "coin":"XRE",
    "name":"revolvercoin",
    "rpcport":8775,
    "pubtype":0,
    "p2shtype":5,
    "wiftype":128,
    "txfee":10000
  },
  {
    "coin":"LBC",
    "name":"lbrycrd",
    "rpcport":9245,
    "pubtype":85,
    "p2shtype":122,
    "wiftype":28,
    "txfee":10000
  },
  {
    "coin":"SIB",
    "name":"sibcoin",
    "rpcport":1944,
    "pubtype":63,
    "p2shtype":40,
    "wiftype":128,
    "txfee":10000
  },
  {
    "coin":"VTC",
    "name":"vertcoin",
    "rpcport":5888,
    "pubtype":71,
    "p2shtype":5,
    "wiftype":128,
    "txfee":100000
  },
  {
    "coin":"DOGE",
    "name":"dogecoin",
    "rpcport":22555,
    "pubtype":30,
    "p2shtype":22,
    "wiftype":158,
    "txfee":100000000
  },
  {
    "coin":"HUSH",
    "name":"hush",
    "rpcport":8822,
    "taddr":28,
    "pubtype":184,
    "p2shtype":189,
    "wiftype":128,
    "txfee":1000
  },
  {
    "active":0,
    "coin":"ZEC",
    "name":"zcash",
    "rpcport":8232,
    "taddr":28,
    "pubtype":184,
    "p2shtype":189,
    "wiftype":128,
    "txfee":10000
  },
  {
    "coin":"DGB",
    "name":"digibyte",
    "rpcport":14022,
    "pubtype":30,
    "p2shtype":5,
    "wiftype":128,
    "txfee":100000
  },
  {
    "coin":"ZET",
    "name":"zetacoin",
    "pubtype":80,
    "p2shtype":9,
    "rpcport":8332,
    "wiftype":224,
    "txfee":10000
  },
  {
    "coin":"GAME",
    "rpcport":40001,
    "name":"gamecredits",
    "pubtype":38,
    "p2shtype":5,
    "wiftype":166,
    "txfee":100000
  },
  {
    "coin":"LTC",
    "name":"litecoin",
    "rpcport":9332,
    "pubtype":48,
    "p2shtype":5,
    "wiftype":176,
    "txfee":100000
  },
  {
    "coin":"CHAIN",
    "asset":"CHAIN",
    "fname": "Chainmakers",
    "rpcport":15587
  },
  {
    "coin":"GLXT",
    "asset":"GLXT",
    "fname": "GLX Token",
    "rpcport":13109
  },
  {
    "coin": "CC",
    "asset": "CCL",
    "fname": "CoinCollect",
    "rpcport": 20849
  },
  {
    "coin":"EQL",
    "asset":"EQL",
    "fname": "Equaliser",
    "rpcport":10306
  },
  {
    "coin": "OOT",
    "asset": "OOT",
    "fname": "Utrum",
    "rpcport": 12467
  },
  {
    "coin": "PIZZA",
    "asset": "PIZZA",
    "fname": "PIZZA (TESTCOIN)",
    "rpcport": 11116
  },
  {
    "coin": "BEER",
    "asset": "BEER",
    "fname": "BEER (TESTCOIN)",
    "rpcport": 8923
  },
  {
    "coin": "BTCH",
    "asset": "BTCH",
    "fname": "Bitcoin Hush",
    "rpcport": 8800
  },
  {
    "coin": "ETOMIC",
    "asset": "ETOMIC",
    "fname": "ETOMIC",
    "rpcport": 10271
  },
  {
    "coin": "AXO",
    "asset": "AXO",
    "fname": "AXO",
    "rpcport": 12927
  },
  {
    "coin": "MNZ",
    "asset": "MNZ",
    "fname": "Monaize",
    "rpcport": 14337
  },
  {
    "coin": "CHIPS",
    "name": "chips",
    "fname": "Chips",
    "rpcport": 57776,
    "pubtype": 60,
    "p2shtype": 85,
    "wiftype": 188,
    "txfee": 10000
  },
 {
    "coin": "REVS",
    "asset": "REVS",
    "fname": "REVS",
    "rpcport": 10196
  },
  {
    "coin": "VRSC",
    "asset": "VRSC",
    "fname": "VerusCoin",
    "rpcport": 27486
  },
  {
    "coin": "ZILLA",
    "asset": "ZILLA",
    "fname": "ChainZilla",
    "rpcport": 10041
  },
  {
    "coin": "JUMBLR",
    "asset": "JUMBLR",
    "fname": "JUMBLR",
    "rpcport": 15106
  },
  {
    "coin": "SUPERNET",
    "asset": "SUPERNET",
    "fname": "SUPERNET",
    "rpcport": 11341
  },
  {
    "coin": "WLC",
    "asset": "WLC",
    "fname": "Wireless Coin",
    "rpcport": 12167
  },
  {
    "coin": "PANGEA",
    "asset": "PANGEA",
    "fname": "Pangea Poker",
    "rpcport": 14068
  },
  {
    "coin": "DEX",
    "asset": "DEX",
    "fname": "InstantDEX",
    "rpcport": 11890
  },
  {
    "coin": "DSEC",
    "asset": "DSEC",
    "fname": "DSEC",
    "rpcport": 11557
  },
  {
    "coin": "BET",
    "asset": "BET",
    "fname": "BET",
    "rpcport": 14250
  },
  {
    "coin": "CRYPTO",
    "asset": "CRYPTO",
    "fname": "Crypto777",
    "rpcport": 8516
  },
  {
    "coin": "HODL",
    "asset": "HODL",
    "fname": "HODL",
    "rpcport": 14431
  },
  {
    "coin": "MSHARK",
    "asset": "MSHARK",
    "fname": "MiliShark",
    "rpcport": 8846
  },
  {
    "coin": "BOTS",
    "asset": "BOTS",
    "fname": "BOTS",
    "rpcport": 11964
  },
  {
    "coin": "MGW",
    "asset": "MGW",
    "fname": "MultiGateway",
    "rpcport": 12386
  },
  {
    "coin": "COQUI",
    "asset": "COQUI",
    "fname": "Coqui Cash",
    "rpcport": 14276
  },
  {
    "coin": "KV",
    "asset": "KV",
    "fname": "KeyValue",
    "rpcport": 8299
  },
  {
    "coin": "CEAL",
    "asset": "CEAL",
    "fname": "Ceal.io",
    "rpcport": 11116
  },
  {
    "coin": "MESH",
    "asset": "MESH",
    "fname": "SuperMESH",
    "rpcport": 9455
  },
   {
    "coin":"CALL",
    "asset":"CALL",
    "fname": "Capital",
    "rpcport":19609
   },
]
